folder	file_name
2018 November	DSC_0001-CV1-TRAMPA.JPG
2018 November	DSC_0002-CV2-TRAMPA.JPG
2018 November	DSC_0002-KANT1.JPG
2018 November	DSC_0003-CV2-TRAMPA.JPG
2018 November	DSC_0005-CV2-TRAMPA.JPG
2018 November	DSC_0005-KANT1.JPG
2018 November	DSC_0003-KANT1.JPG
2018 November	DSC_0006-CV2-TRAMPA.JPG
2018 November	DSC_0006-KANT1.JPG
2018 November	DSC_0007-KANT1.JPG
2018 November	DSC_0008-KANT1.JPG
2018 November	DSC_0009-KANT1.JPG
2018 November	DSC_0010-KANT1.JPG
2018 November	DSC_0011-KANT1.JPG
2018 November	DSC_0012-KANT1.JPG
2018 November	DSC_0013-KANT1.JPG
2018 November	DSC_0015-KANT1.JPG
2018 November	DSC_0014-KANT1.JPG
2018 November	DSC_0017-KANT1.JPG
2018 November	DSC_0016-KANT1.JPG
2018 November	DSC_0018-KANT1.JPG
2018 November	DSC_0022-KANT1.JPG
2018 November	DSC_0024-KANT2.JPG
2018 November	DSC_0019-KANT1.JPG
2018 November	DSC_0027-KANT2.JPG
2018 November	DSC_0032-KANT2.JPG
2018 November	DSC_0030-KANT2.JPG
2018 November	DSC_0028-KANT2.JPG
2018 November	DSC_0033-KANT2.JPG
2018 November	DSC_0036-KANT2.JPG
2018 November	DSC_0039-KANT2.JPG
2018 November	DSC_0038-KANT2.JPG
2018 November	DSC_0040-KANT2.JPG
2018 November	DSC_0043-KANT3.JPG
2018 November	DSC_0045-KANT3.JPG
2018 November	DSC_0042-KANT3.JPG
2018 November	DSC_0046-KANT3.JPG
2018 November	DSC_0047-KANT3.JPG
2018 November	DSC_0064-HET6.JPG
2018 November	DSC_0048-CV2-TRAMPA.JPG
2018 November	DSC_0065-HET6.JPG
2018 November	DSC_0067-HET6.JPG
2018 November	DSC_0066-HET6.JPG
2018 November	DSC_0068-HET6.JPG
2018 November	DSC_0069-CV2-TRAMPA.JPG
2018 November	DSC_0069-HET6.JPG
2018 November	DSC_0070-HET6.JPG
2018 November	DSC_0071-HET6.JPG
2018 November	DSC_0073-HET6.JPG
2018 November	DSC_0074-HET6.JPG
2018 November	DSC_0075-HET6.JPG
2018 November	DSC_0076-HET6.JPG
2018 November	DSC_0077-HET6.JPG
2018 November	DSC_0078-HET6.JPG
2018 November	DSC_0079-HET6.JPG
2018 November	DSC_0081-HET6.JPG
2018 November	DSC_0082-HET6.JPG
2018 November	DSC_0088-CHT1.JPG
2018 November	DSC_0090-CHT1.JPG
2018 November	DSC_0091-CHT1.JPG
2018 November	DSC_0095-CHT1.JPG
2018 November	DSC_0097-CHT1.JPG
2018 November	DSC_0112-CHT1.JPG
2018 November	DSC_0113-CHT1.JPG
2018 November	DSC_0117-CHT1.JPG
2018 November	DSC_0119-CHT2.JPG
2018 November	DSC_0121-CHT2.JPG
2018 November	DSC_0120-CHT2.JPG
2018 November	DSC_0122-CHT2.JPG
2018 November	DSC_0124-CHT2.JPG
2018 November	DSC_0178-CHT2.JPG
2018 November	DSC_0177-CHT2.JPG
2018 November	DSC_0179-CHT2.JPG
2018 November	DSC_0183-KANT4.JPG
2018 November	DSC_0180-CHT2.JPG
2018 November	DSC_0184-KANT4.JPG
2018 November	DSC_0182-KANT4.JPG
2018 November	DSC_0185-KANT4.JPG
2018 November	DSC_0189-KANT4.JPG
2018 November	DSC_0190-KANT4.JPG
2018 November	DSC_0187-KANT4.JPG
2018 November	DSC_0191-KANT4.JPG
2018 November	DSC_0192-KANT4.JPG
2018 November	DSC_0193-KANT4.JPG
2018 November	DSC_0194-KANT4.JPG
2018 November	DSC_0195-KANT4.JPG
2018 November	DSC_0196-KANT4.JPG
2018 November	DSC_0201-KANT4.JPG
2018 November	DSC_0198-KANT4.JPG
2018 November	DSC_0203-KANT4.JPG
2018 November	DSC_0204-KANT4.JPG
2018 November	DSC_0205-KANT4.JPG
2018 November	DSC_0206-KANT4.JPG
2018 November	DSC_0207-KANT4.JPG
2018 November	DSC_0208-KATP1.JPG
2018 November	DSC_0209-KANT4.JPG
2018 November	DSC_0210-KANT4.JPG
2018 November	DSC_0211-KANT4.JPG
2018 November	DSC_0211-KATP1.JPG
2018 November	DSC_0210-KATP1.JPG
2018 November	DSC_0212-KANT4.JPG
2018 November	DSC_0214-CHT5.JPG
2018 November	DSC_0214-KATP1.JPG
2018 November	DSC_0214-KANT4.JPG
2018 November	DSC_0215-KANT4.JPG
2018 November	DSC_0215-KATP1.JPG
2018 November	DSC_0216-KANT4.JPG
2018 November	DSC_0216-CHT5.JPG
2018 November	DSC_0216-KATP1.JPG
2018 November	DSC_0217-KANT4.JPG
2018 November	DSC_0218-CHT5.JPG
2018 November	DSC_0217-KATP1.JPG
2018 November	DSC_0218-KANT4.JPG
2018 November	DSC_0219-CHT5.JPG
2018 November	DSC_0219-KANT4.JPG
2018 November	DSC_0219-KATP1.JPG
2018 November	DSC_0220-KANT4.JPG
2018 November	DSC_0220-KATP1.JPG
2018 November	DSC_0221-KANT4.JPG
2018 November	DSC_0221-KATP1.JPG
2018 November	DSC_0222-KANT4.JPG
2018 November	DSC_0222-KATP1.JPG
2018 November	DSC_0223-KANT4.JPG
2018 November	DSC_0224-KATP1.JPG
2018 November	DSC_0225-KANT5.JPG
2018 November	DSC_0223-KATP1.JPG
2018 November	DSC_0226-KATP1.JPG
2018 November	DSC_0227-KANT5.JPG
2018 November	DSC_0227-KATP1.JPG
2018 November	DSC_0228-KANT5.JPG
2018 November	DSC_0228-KATP1.JPG
2018 November	DSC_0229-KATP2.JPG
2018 November	DSC_0230-KANT5.JPG
2018 November	DSC_0230-KATP2.JPG
2018 November	DSC_0231-KATP2.JPG
2018 November	DSC_0231-KANT5.JPG
2018 November	DSC_0232-CHT3.JPG
2018 November	DSC_0233-KANT5.JPG
2018 November	DSC_0233-MAP2.JPG
2018 November	DSC_0234-CHT3.JPG
2018 November	DSC_0234-MAP2.JPG
2018 November	DSC_0234-KANT5.JPG
2018 November	DSC_0235-CHT3.JPG
2018 November	DSC_0235-MAP2.JPG
2018 November	DSC_0236-CHT3.JPG
2018 November	DSC_0236-KANT5.JPG
2018 November	DSC_0236-KATP2.JPG
2018 November	DSC_0236-MAP2.JPG
2018 November	DSC_0237-KANT5.JPG
2018 November	DSC_0237-KATP2.JPG
2018 November	DSC_0237-CHT4.JPG
2018 November	DSC_0238-KANT5.JPG
2018 November	DSC_0238-KATP2.JPG
2018 November	DSC_0238-MAP2.JPG
2018 November	DSC_0239-CHT4.JPG
2018 November	DSC_0239-KANT5.JPG
2018 November	DSC_0239-MAP2.JPG
2018 November	DSC_0239-KATP2.JPG
2018 November	DSC_0240-KATP2.JPG
2018 November	DSC_0241-CHT4.JPG
2018 November	DSC_0241-MAP1.JPG
2018 November	DSC_0242-KATP2.JPG
2018 November	DSC_0241-MAP2.JPG
2018 November	DSC_0242-MAP1.JPG
2018 November	DSC_0242-MAP2.JPG
2018 November	DSC_0243-CHT1.JPG
2018 November	DSC_0243-KANT5.JPG
2018 November	DSC_0243-MAP2.JPG
2018 November	DSC_0243-MAP1.JPG
2018 November	DSC_0244-KANT5.JPG
2018 November	DSC_0244-MAP1.JPG
2018 November	DSC_0244-MAP2.JPG
2018 November	DSC_0245-MAP2.JPG
2018 November	DSC_0246-KANT5.JPG
2018 November	DSC_0247-MAP1.JPG
2018 November	DSC_0246-MAP1.JPG
2018 November	DSC_0248-CV2-TRAMPA.JPG
2018 November	DSC_0248-KANT6.JPG
2018 November	DSC_0248-MAP2.JPG
2018 November	DSC_0249-CV2-TRAMPA.JPG
2018 November	DSC_0249-KANT6.JPG
2018 November	DSC_0250-KANT6.JPG
2018 November	DSC_0251-MAP2.JPG
2018 November	DSC_0251-CV2-TRAMPA.JPG
2018 November	DSC_0250-MAP1.JPG
2018 November	DSC_0252-CV2-TRAMPA.JPG
2018 November	DSC_0253-KANT6.JPG
2018 November	DSC_0252-MAP2.JPG
2018 November	DSC_0252-KANT6.JPG
2018 November	DSC_0253-MAP1.JPG
2018 November	DSC_0253-MAP2.JPG
2018 November	DSC_0254-KANT6.JPG
2018 November	DSC_0254-MAP1.JPG
2018 November	DSC_0254-MAP2.JPG
2018 November	DSC_0255-KANT6.JPG
2018 November	DSC_0255-MAP1.JPG
2018 November	DSC_0255-MAP2.JPG
2018 November	DSC_0256-MAP1.JPG
2018 November	DSC_0256-MAP2.JPG
2018 November	DSC_0257-CV1-TRAMPA.JPG
2018 November	DSC_0257-MAP1.JPG
2018 November	DSC_0257-KANT6.JPG
2018 November	DSC_0257-MAP2.JPG
2018 November	DSC_0258-CV1-TRAMPA.JPG
2018 November	DSC_0258-MAP1.JPG
2018 November	DSC_0258-MAP2.JPG
2018 November	DSC_0259-CV1-TRAMPA.JPG
2018 November	DSC_0259-MAP2.JPG
2018 November	DSC_0259-KANT6.JPG
2018 November	DSC_0260-KANT6.JPG
2018 November	DSC_0260-MAP1.JPG
2018 November	DSC_0261-CV1-TRAMPA.JPG
2018 November	DSC_0261-MAP1.JPG
2018 November	DSC_0262-CV1-TRAMPA.JPG
2018 November	DSC_0263-CV1-TRAMPA.JPG
2018 November	DSC_0263-MAP1.JPG
2018 November	DSC_0264-MAP1.JPG
2018 November	DSC_0265-MAP1.JPG
2018 November	DSC_0266-MAP1.JPG
2018 November	DSC_0267-MAP1.JPG
2018 November	DSC_0267-MAP2.JPG
2018 November	DSC_0268-MAP1.JPG
2018 November	DSC_0270-CV1-TRAMPA.JPG
2018 November	DSC_0268-MAP2.JPG
2018 November	DSC_0269-MAP1.JPG
2018 November	DSC_0270-MAP1.JPG
2018 November	DSC_0271-MAP1.JPG
2018 November	DSC_0270-MAP2.JPG
2018 November	DSC_0271-MAP2.JPG
2018 November	DSC_0272-CHT6.JPG
2018 November	DSC_0273-MAP2.JPG
2018 November	DSC_0272-MAP2.JPG
2018 November	DSC_0272-MAP1.JPG
2018 November	DSC_0274-MAP1.JPG
2018 November	DSC_0274-CHT6.JPG
2018 November	DSC_0275-CHT6.JPG
2018 November	DSC_0275-MAP1.JPG
2018 November	DSC_0275-MAP2.JPG
2018 November	DSC_0276-CHT6.JPG
2018 November	DSC_0276-MAP2.JPG
2018 November	DSC_0277-CHT6.JPG
2018 November	DSC_0277-MAP1.JPG
2018 November	DSC_0277-MAP2.JPG
2018 November	DSC_0278-CHT6.JPG
2018 November	DSC_0278-CV2-TRAMPA.JPG
2018 November	DSC_0278-MAP1.JPG
2018 November	DSC_0278-MAP2.JPG
2018 November	DSC_0279-CHT6.JPG
2018 November	DSC_0279-MAP1.JPG
2018 November	DSC_0280-MAP2.JPG
2018 November	DSC_0281-MAP1.JPG
2018 November	DSC_0285-CV1-TRAMPA.JPG
2018 November	DSC_0285-MAP1.JPG
2018 November	DSC_0286-MAP1.JPG
2018 November	DSC_0288-CV1-TRAMPA.JPG
2018 November	DSC_0288-MAP1.JPG
2018 November	DSC_0289-CV1-TRAMPA.JPG
2018 November	DSC_0290-CV1-TRAMPA.JPG
2018 November	DSC_0290-KATP3.JPG
2018 November	DSC_0290-MAP1.JPG
2018 November	DSC_0291-CV1-TRAMPA.JPG
2018 November	DSC_0291-KATP3.JPG
2018 November	DSC_0291-MAP1.JPG
2018 November	DSC_0292-CV1-TRAMPA.JPG
2018 November	DSC_0292-KATP3.JPG
2018 November	DSC_0293-MAP1.JPG
2018 November	DSC_0292-MAP1.JPG
2018 November	DSC_0294-CV1-TRAMPA.JPG
2018 November	DSC_0295-CV1-TRAMPA.JPG
2018 November	DSC_0294-KATP3.JPG
2018 November	DSC_0295-KATP3.JPG
2018 November	DSC_0295-MAP1.JPG
2018 November	DSC_0296-KATP3.JPG
2018 November	DSC_0296-MAP1.JPG
2018 November	DSC_0297-CV1-TRAMPA.JPG
2018 November	DSC_0297-MAP1.JPG
2018 November	DSC_0298-KATP3.JPG
2018 November	DSC_0298-MAP1.JPG
2018 November	DSC_0299-KATP3.JPG
2018 November	DSC_0300-KATP3.JPG
2018 November	DSC_0301-KATP3.JPG
2018 November	DSC_0300-MAP1.JPG
2018 November	DSC_0301-MAP1.JPG
2018 November	DSC_0302-KATP3.JPG
2018 November	DSC_0302-MAP1.JPG
2018 November	DSC_0303-MAP1.JPG
2018 November	DSC_0304-KATP3.JPG
2018 November	DSC_0304-MAP1.JPG
2018 November	DSC_0305-KATP3.JPG
2018 November	DSC_0305-MAP1.JPG
2018 November	DSC_0306-MAP1.JPG
2018 November	DSC_0306-KATP3.JPG
2018 November	DSC_0307-HET2.JPG
2018 November	DSC_0307-KATP3.JPG
2018 November	DSC_0307-MAP1.JPG
2018 November	DSC_0308-HET2.JPG
2018 November	DSC_0308-KATP3.JPG
2018 November	DSC_0309-KATP3.JPG
2018 November	DSC_0310-HET2.JPG
2018 November	DSC_0309-MAP1.JPG
2018 November	DSC_0310-KATP3.JPG
2018 November	DSC_0311-KATP3.JPG
2018 November	DSC_0312-HET2.JPG
2018 November	DSC_0312-KATP3.JPG
2018 November	DSC_0312-MAP1.JPG
2018 November	DSC_0313-HET2.JPG
2018 November	DSC_0314-HET2.JPG
2018 November	DSC_0314-KATP3.JPG
2018 November	DSC_0316-HET2.JPG
2018 November	DSC_0314-MAP1.JPG
2018 November	DSC_0316-KATP3.JPG
2018 November	DSC_0316-MAP1.JPG
2018 November	DSC_0317-HET2.JPG
2018 November	DSC_0318-HET2.JPG
2018 November	DSC_0317-KATP3.JPG
2018 November	DSC_0319-KATP3.JPG
2018 November	DSC_0319-MAP1.JPG
2018 November	DSC_0320-MAP1.JPG
2018 November	DSC_0320-HET2.JPG
2018 November	DSC_0321-KATP3.JPG
2018 November	DSC_0321-MAP1.JPG
2018 November	DSC_0322-CV2-TRAMPA.JPG
2018 November	DSC_0322-HET2.JPG
2018 November	DSC_0322-KATP3.JPG
2018 November	DSC_0322-MAP1.JPG
2018 November	DSC_0323-HET2.JPG
2018 November	DSC_0324-HET2.JPG
2018 November	DSC_0323-MAP1.JPG
2018 November	DSC_0324-MAP1.JPG
2018 November	DSC_0326-MAP1.JPG
2018 November	DSC_0325-MAP1.JPG
2018 November	DSC_0325-HET2.JPG
2018 November	DSC_0328-MAP1.JPG
2018 November	DSC_0329-MAP1.JPG
2018 November	DSC_0331-MAP1.JPG
2018 November	DSC_0332-MAP1.JPG
2018 November	DSC_0333-MAP1.JPG
2018 November	DSC_0334-MAP1.JPG
2018 November	DSC_0335-MAP1.JPG
2018 November	DSC_0336-MAP1.JPG
2018 November	DSC_0337-MAP1.JPG
2018 November	DSC_0338-MAP1.JPG
2018 November	DSC_0342-MAP1.JPG
2018 November	DSC_0339-MAP1.JPG
2018 November	DSC_0340-MAP1.JPG
2018 November	DSC_0343-MAP1.JPG
2018 November	DSC_0345-MAP1.JPG
2018 November	DSC_0344-MAP1.JPG
2018 November	DSC_0346-MAP1.JPG
2018 November	DSC_0348-MAP1.JPG
2018 November	DSC_0350-MAP1.JPG
2018 November	DSC_0351-MAP1.JPG
2018 November	DSC_0353-MAP1.JPG
2018 November	DSC_0354-MAP1.JPG
2018 November	DSC_0355-MAP1.JPG
2018 November	DSC_0356-MAP1.JPG
2018 November	DSC_0357-MAP1.JPG
2018 November	DSC_0358-MAP1.JPG
2018 November	DSC_0359-MAP1.JPG
2018 November	DSC_0360-MAP1.JPG
2018 November	DSC_0361-MAP1.JPG
2018 November	DSC_0364-MAP1.JPG
2018 November	DSC_0365-MAP1.JPG
2018 November	DSC_0366-MAP1.JPG
2018 November	DSC_0369-MAP1.JPG
2018 November	DSC_0370-MAP1.JPG
2018 November	DSC_0374-MAP1.JPG
2018 November	DSC_0373-MAP1.JPG
2018 November	DSC_0441-HET1.JPG
2018 November	DSC_0442-HET1.JPG
2018 November	DSC_0444-HET1.JPG
2018 November	DSC_0445-HET1.JPG
2018 November	DSC_0446-HET1.JPG
2018 November	DSC_0447-HET1.JPG
2018 November	DSC_0448-HET2.JPG
2018 November	DSC_0449-HET2.JPG
2018 November	DSC_0450-HET2.JPG
2018 November	DSC_0452-HET2.JPG
2018 November	DSC_0454-HET2.JPG
2018 November	DSC_0455-HET2.JPG
2018 November	DSC_0456-HET3.JPG
2018 November	DSC_0468-HET3.JPG
2018 November	DSC_0469-HET3.JPG
2018 November	DSC_0471-HET3.JPG
2018 November	DSC_0470-HET3.JPG
2018 November	DSC_0473-HET3.JPG
2018 November	DSC_0472-HET3.JPG
2018 November	DSC_0475-HET3.JPG
2018 November	DSC_0476-HET3.JPG
2018 November	DSC_0477-HET3.JPG
2018 November	DSC_0478-HET3.JPG
2018 November	DSC_0480-HET3.JPG
2018 November	DSC_0481-HET3.JPG
2018 November	DSC_0482-HET4.JPG
2018 November	DSC_0485-HET4.JPG
2018 November	DSC_0488-HET4.JPG
2018 November	DSC_0489-HET4.JPG
2018 November	DSC_0493-HET5.JPG
2018 November	DSC_0492-HET5.JPG
2018 November	DSC_0494-HET5.JPG
2018 November	DSC_0495-HET5.JPG
2018 November	DSC_0496-HET5.JPG
2018 November	DSC_0497-HET5.JPG
2018 November	DSC_0498-HET5.JPG
2018 November	DSC_0500-HET5.JPG
2018 November	DSC_0502-HET5.JPG
2018 November	DSC_0499-HET5.JPG
2018 November	DSC_0503-HET5.JPG
2018 November	DSC_0505-HET5.JPG
2018 November	DSC_0506-HET5.JPG
2018 November	DSC_0507-HET5.JPG
2018 November	DSC_0504-HET5.JPG
2018 November	DSC_0508-HET5.JPG
2018 November	DSC_0511-HET5.JPG
2018 November	DSC_0510-HET5.JPG
2018 November	DSC_0512-HET6.JPG
2019 November	DSC_0110.JPG
2019 November	DSC_0111.JPG
2019 November	DSC_0112.JPG
2019 November	DSC_0113.JPG
2019 November	DSC_0118.JPG
2019 November	DSC_0117.JPG
2019 November	DSC_0119.JPG
2019 November	DSC_0120.JPG
2019 November	DSC_0121.JPG
2019 November	DSC_0124.JPG
2019 November	DSC_0123.JPG
2019 November	DSC_0125.JPG
2019 November	DSC_0126.JPG
2019 November	DSC_0127.JPG
2019 November	DSC_0128.JPG
2019 November	DSC_0129.JPG
2019 November	DSC_0131.JPG
2019 November	DSC_0132.JPG
2019 November	DSC_0130.JPG
2019 November	DSC_0133.JPG
2019 November	DSC_0134.JPG
2019 November	DSC_0136.JPG
2019 November	DSC_0135.JPG
2019 November	DSC_0137.JPG
2019 November	DSC_0138.JPG
2019 November	DSC_0139.JPG
2019 November	DSC_0140.JPG
2019 November	DSC_0141.JPG
2019 November	DSC_0142.JPG
2019 November	DSC_0144.JPG
2019 November	DSC_0145.JPG
2019 November	DSC_0146.JPG
2019 November	DSC_0147.JPG
2019 November	DSC_0149.JPG
2019 November	DSC_0148.JPG
2019 November	DSC_0150.JPG
2019 November	DSC_0152.JPG
2019 November	DSC_0151.JPG
2019 November	DSC_0153.JPG
2019 November	DSC_0154.JPG
2019 November	DSC_0156.JPG
2019 November	DSC_0155.JPG
2019 November	DSC_0157.JPG
2019 November	DSC_0158.JPG
2019 November	DSC_0160.JPG
2019 November	DSC_0161.JPG
2019 November	DSC_0159.JPG
2019 November	DSC_0162.JPG
2019 November	DSC_0163.JPG
2019 November	DSC_0164.JPG
2019 November	DSC_0165.JPG
2019 November	DSC_0166.JPG
2019 November	DSC_0167.JPG
2019 November	DSC_0169.JPG
2019 November	DSC_0168.JPG
2019 November	DSC_0170.JPG
2019 November	DSC_0171.JPG
2019 November	DSC_0172.JPG
2019 November	DSC_0173.JPG
2019 November	DSC_0185.JPG
2019 November	DSC_0184.JPG
2019 November	DSC_0186.JPG
2019 November	DSC_0187.JPG
2019 November	DSC_0188.JPG
2019 November	DSC_0189.JPG
2019 November	DSC_0191.JPG
2019 November	DSC_0190.JPG
2019 November	DSC_0192.JPG
2019 November	DSC_0193.JPG
2019 November	DSC_0195.JPG
2019 November	DSC_0194.JPG
2019 November	DSC_0196.JPG
2019 November	DSC_0197.JPG
2019 November	DSC_0199.JPG
2019 November	DSC_0198.JPG
2019 November	DSC_0200.JPG
2019 November	DSC_0201.JPG
2019 November	DSC_0203.JPG
2019 November	DSC_0202.JPG
2019 November	DSC_0204.JPG
2019 November	DSC_0205.JPG
2019 November	DSC_0208.JPG
2019 November	DSC_0206.JPG
2019 November	DSC_0207.JPG
2019 November	DSC_0209.JPG
2019 November	DSC_0212.JPG
2019 November	DSC_0211.JPG
2019 November	DSC_0210.JPG
2019 November	DSC_0213.JPG
2019 November	DSC_0214.JPG
2019 November	DSC_0215.JPG
2019 November	DSC_0216.JPG
2019 November	DSC_0217.JPG
2019 November	DSC_0219.JPG
2019 November	DSC_0220.JPG
2019 November	DSC_0218.JPG
2019 November	DSC_0222.JPG
2019 November	DSC_0221.JPG
2019 November	DSC_0223.JPG
2019 November	DSC_0224.JPG
2019 November	DSC_0225.JPG
2019 November	DSC_0226.JPG
2019 November	DSC_0227.JPG
2019 November	DSC_0228.JPG
2019 November	DSC_0229.JPG
2019 November	DSC_0230.JPG
2019 November	DSC_0232.JPG
2019 November	DSC_0231.JPG
2019 November	DSC_0233.JPG
2019 November	DSC_0234.JPG
2019 November	DSC_0235.JPG
2019 November	DSC_0236.JPG
2019 November	DSC_0238.JPG
2019 November	DSC_0237.JPG
2019 November	DSC_0240.JPG
2019 November	DSC_0239.JPG
2019 November	DSC_0241.JPG
2019 November	DSC_0242.JPG
2019 November	DSC_0244.JPG
2019 November	DSC_0245.JPG
2019 November	DSC_0243.JPG
2019 November	DSC_0246.JPG
2019 November	DSC_0247.JPG
2019 November	DSC_0248.JPG
2019 November	DSC_0251.JPG
2019 November	DSC_0250.JPG
2019 November	DSC_0249.JPG
2019 November	DSC_0252.JPG
2019 November	DSC_0253.JPG
2019 November	DSC_0255.JPG
2019 November	DSC_0254.JPG
2019 November	DSC_0256.JPG
2019 November	DSC_0257.JPG
2019 November	DSC_0258.JPG
2019 November	DSC_0259.JPG
2019 November	DSC_0260.JPG
2019 November	DSC_0261.JPG
2019 November	DSC_0262.JPG
2019 November	DSC_0263.JPG
2019 November	DSC_0264.JPG
2019 November	DSC_0265.JPG
2019 November	DSC_0266.JPG
2019 November	DSC_0267.JPG
2019 November	DSC_0269.JPG
2019 November	DSC_0268.JPG
2019 November	DSC_0270.JPG
2019 November	DSC_0272.JPG
2019 November	DSC_0271.JPG
2019 November	DSC_0273.JPG
2019 November	DSC_0274.JPG
2019 November	DSC_0275.JPG
2019 November	DSC_0277.JPG
2019 November	DSC_0278.JPG
2019 November	DSC_0276.JPG
2019 November	DSC_0279.JPG
2019 November	DSC_0280.JPG
2019 November	DSC_0281.JPG
2019 November	DSC_0282.JPG
2019 November	DSC_0284.JPG
2019 November	DSC_0283.JPG
2019 November	DSC_0285.JPG
2019 November	DSC_0286.JPG
2019 November	DSC_0288.JPG
2019 November	DSC_0287.JPG
2019 November	DSC_0289.JPG
2019 November	DSC_0291.JPG
2019 November	DSC_0292.JPG
2019 November	DSC_0290.JPG
2019 November	DSC_0293.JPG
2019 November	DSC_0294.JPG
2019 November	DSC_0295.JPG
2019 November	DSC_0296.JPG
2019 November	DSC_0298.JPG
2019 November	DSC_0299.JPG
2019 November	DSC_0297.JPG
2019 November	DSC_0300.JPG
2019 November	DSC_0301.JPG
2019 November	DSC_0302.JPG
2019 November	DSC_0303.JPG
2019 November	DSC_0304.JPG
2019 November	DSC_0305.JPG
2019 November	DSC_0306.JPG
2019 November	DSC_0307.JPG
2019 November	DSC_0308.JPG
2019 November	DSC_0310.JPG
2019 November	DSC_0309.JPG
2019 November	DSC_0312.JPG
2019 November	DSC_0311.JPG
2019 November	DSC_0313.JPG
2019 November	DSC_0314.JPG
2019 November	DSC_0315.JPG
2019 November	DSC_0316.JPG
2019 November	DSC_0317.JPG
2019 November	DSC_0318.JPG
2019 November	DSC_0319.JPG
2019 November	DSC_0320.JPG
2019 November	DSC_0322.JPG
2019 November	DSC_0321.JPG
2019 November	DSC_0323.JPG
2019 November	DSC_0324.JPG
2019 November	DSC_0325.JPG
2019 November	DSC_0327.JPG
2019 November	DSC_0326.JPG
2019 November	DSC_0329.JPG
2019 November	DSC_0328.JPG
2019 November	DSC_0330.JPG
2019 November	DSC_0332.JPG
2019 November	DSC_0331.JPG
2019 November	DSC_0333.JPG
2019 November	DSC_0334.JPG
2019 November	DSC_0335.JPG
2019 November	DSC_0336.JPG
2019 November	DSC_0337.JPG
2019 November	DSC_0338.JPG
2019 November	DSC_0339.JPG
2019 November	DSC_0340.JPG
2019 November	DSC_0341.JPG
2019 November	DSC_0343.JPG
2019 November	DSC_0344.JPG
2019 November	DSC_0342.JPG
2019 November	DSC_0345.JPG
2019 November	DSC_0346.JPG
2019 November	DSC_0347.JPG
2019 November	DSC_0349.JPG
2019 November	DSC_0348.JPG
2019 November	DSC_0350.JPG
2019 November	DSC_0351.JPG
2019 November	DSC_0352.JPG
2019 November	DSC_0353.JPG
2019 November	DSC_0354.JPG
2019 November	DSC_0355.JPG
2019 November	DSC_0356.JPG
2019 November	DSC_0358.JPG
2019 November	DSC_0357.JPG
2019 November	DSC_0359.JPG
2019 November	DSC_0360.JPG
2019 November	DSC_0361.JPG
2019 November	DSC_0362.JPG
2019 November	DSC_0363.JPG
2019 November	DSC_0364.JPG
2019 November	DSC_0365.JPG
2019 November	DSC_0367.JPG
2019 November	DSC_0366.JPG
2019 November	DSC_0368.JPG
2019 November	DSC_0369.JPG
2019 November	DSC_0370.JPG
2019 November	DSC_0371.JPG
2019 November	DSC_0372.JPG
2019 November	DSC_0373.JPG
2019 November	DSC_0375.JPG
2019 November	DSC_0374.JPG
2019 November	DSC_0376.JPG
2019 November	DSC_0379.JPG
2019 November	DSC_0377.JPG
2019 November	DSC_0378.JPG
2019 November	DSC_0380.JPG
2019 November	DSC_0381.JPG
2019 November	DSC_0383.JPG
2019 November	DSC_0382.JPG
2019 November	DSC_0384.JPG
2019 November	DSC_0385.JPG
2019 November	DSC_0387.JPG
2019 November	DSC_0386.JPG
2019 November	DSC_0389.JPG
2019 November	DSC_0388.JPG
2019 November	DSC_0390.JPG
2019 November	DSC_0391.JPG
2019 November	DSC_0393.JPG
2019 November	DSC_0392.JPG
2019 November	DSC_0394.JPG
2019 November	DSC_0395.JPG
2019 November	DSC_0397.JPG
2019 November	DSC_0396.JPG
2019 November	DSC_0398.JPG
2019 November	DSC_0399.JPG
2019 November	DSC_0401.JPG
2019 November	DSC_0402.JPG
2019 November	DSC_0400.JPG
2019 November	DSC_0403.JPG
2019 November	DSC_0404.JPG
2019 November	DSC_0405.JPG
2019 November	DSC_0407.JPG
2019 November	DSC_0406.JPG
2019 November	DSC_0408.JPG
2019 November	DSC_0409.JPG
2019 November	DSC_0410.JPG
2019 November	DSC_0411.JPG
2019 November	DSC_0412.JPG
2019 November	DSC_0413.JPG
2019 November	DSC_0414.JPG
2019 November	DSC_0416.JPG
2019 November	DSC_0415.JPG
2019 November	DSC_0417.JPG
2019 November	DSC_0418.JPG
2019 November	DSC_0419.JPG
2019 November	DSC_0421.JPG
2019 November	DSC_0420.JPG
2019 November	DSC_0422.JPG
2019 November	DSC_0423.JPG
2019 November	DSC_0424.JPG
2019 November	DSC_0425.JPG
2019 November	DSC_0426.JPG
2019 November	DSC_0427.JPG
2019 November	DSC_0429.JPG
2019 November	DSC_0428.JPG
2019 November	DSC_0431.JPG
2019 November	DSC_0430.JPG
2019 November	DSC_0432.JPG
2019 November	DSC_0433.JPG
2019 November	DSC_0434.JPG
2019 November	DSC_0436.JPG
2019 November	DSC_0435.JPG
2019 November	DSC_0437.JPG
2019 November	DSC_0439.JPG
2019 November	DSC_0438.JPG
2019 November	DSC_0440.JPG
2019 November	DSC_0441.JPG
2019 November	DSC_0442.JPG
2019 November	DSC_0443.JPG
2019 November	DSC_0445.JPG
2019 November	DSC_0444.JPG
2019 November	DSC_0447.JPG
2019 November	DSC_0446.JPG
2019 November	DSC_0448.JPG
2019 November	DSC_0449.JPG
2019 November	DSC_0450.JPG
2019 November	DSC_0451.JPG
2019 November	DSC_0452.JPG
2019 November	DSC_0453.JPG
2019 November	DSC_0454.JPG
2019 November	DSC_0455.JPG
2019 November	DSC_0456.JPG
2019 November	DSC_0457.JPG
2019 November	DSC_0458.JPG
2019 November	DSC_0460.JPG
2019 November	DSC_0459.JPG
2019 November	DSC_0461.JPG
2019 November	DSC_0462.JPG
2019 November	DSC_0464.JPG
2019 November	DSC_0465.JPG
2019 November	DSC_0463.JPG
2019 November	DSC_0466.JPG
2019 November	DSC_0468.JPG
2019 November	DSC_0467.JPG
2019 November	DSC_0469.JPG
2019 November	DSC_0470.JPG
2019 November	DSC_0472.JPG
2019 November	DSC_0471.JPG
2019 November	DSC_0473.JPG
2019 November	DSC_0474.JPG
2019 November	DSC_0475.JPG
2019 November	DSC_0476.JPG
2019 November	DSC_0477.JPG
2019 November	DSC_0480.JPG
2019 November	DSC_0479.JPG
2019 November	DSC_0478.JPG
2019 November	DSC_0481.JPG
2019 November	DSC_0482.JPG
2019 November	DSC_0483.JPG
2019 November	DSC_0484.JPG
2019 November	DSC_0485.JPG
2019 November	DSC_0486.JPG
2019 November	DSC_0488.JPG
2019 November	DSC_0487.JPG
2019 November	DSC_0489.JPG
2019 November	DSC_0491.JPG
2019 November	DSC_0490.JPG
2019 November	DSC_0492.JPG
2019 November	DSC_0493.JPG
2019 November	DSC_0494.JPG
2019 November	DSC_0495.JPG
2019 November	DSC_0496.JPG
2019 November	DSC_0498.JPG
2019 November	DSC_0497.JPG
2019 November	DSC_0499.JPG
2019 November	DSC_0500.JPG
2019 November	DSC_0502.JPG
2019 November	DSC_0501.JPG
2019 November	DSC_0503.JPG
2019 November	DSC_0504.JPG
2019 November	DSC_0507.JPG
2019 November	DSC_0505.JPG
2019 November	DSC_0506.JPG
2019 November	DSC_0508.JPG
2019 November	DSC_0509.JPG
2019 November	DSC_0511.JPG
2019 November	DSC_0510.JPG
2019 November	DSC_0512.JPG
2019 November	DSC_0513.JPG
2019 November	DSC_0514.JPG
2019 November	DSC_0515.JPG
2019 November	DSC_0516.JPG
2019 November	DSC_0517.JPG
2019 November	DSC_0518.JPG
2019 November	DSC_0519.JPG
2019 November	DSC_0520.JPG
2019 November	DSC_0521.JPG
2019 November	DSC_0522.JPG
2019 November	DSC_0523.JPG
2019 November	DSC_0525.JPG
2019 November	DSC_0524.JPG
2019 November	DSC_0527.JPG
2019 November	DSC_0526.JPG
2019 November	DSC_0528.JPG
2019 November	DSC_0530.JPG
2019 November	DSC_0531.JPG
2019 November	DSC_0529.JPG
2019 November	DSC_0532.JPG
2019 November	DSC_0534.JPG
2019 November	DSC_0533.JPG
2019 November	DSC_0535.JPG
2019 November	DSC_0536.JPG
2019 November	DSC_0538.JPG
2019 November	DSC_0537.JPG
2019 November	DSC_0539.JPG
2019 November	DSC_0540.JPG
2019 November	DSC_0542.JPG
2019 November	DSC_0544.JPG
2019 November	DSC_0541.JPG
2019 November	DSC_0543.JPG
2019 November	DSC_0546.JPG
2019 November	DSC_0545.JPG
2019 November	DSC_0548.JPG
2019 November	DSC_0547.JPG
2019 November	DSC_0550.JPG
2019 November	DSC_0551.JPG
2019 November	DSC_0552.JPG
2019 November	DSC_0549.JPG
2019 November	DSC_0553.JPG
2019 November	DSC_0556.JPG
2019 November	DSC_0554.JPG
2019 November	DSC_0555.JPG
2019 November	DSC_0557.JPG
2019 November	DSC_0558.JPG
2019 November	DSC_0559.JPG
2019 November	DSC_0560.JPG
2019 November	DSC_0561.JPG
2019 November	DSC_0562.JPG
2019 November	DSC_0563.JPG
2019 November	DSC_0564.JPG
2019 November	DSC_0565.JPG
2019 November	DSC_0567.JPG
2019 November	DSC_0566.JPG
2019 November	DSC_0568.JPG
2019 November	DSC_0569.JPG
2019 November	DSC_0570.JPG
2019 November	DSC_0571.JPG
2019 November	DSC_0572.JPG
2019 November	DSC_0574.JPG
2019 November	DSC_0573.JPG
2019 November	DSC_0576.JPG
2019 November	DSC_0575.JPG
2019 November	DSC_0577.JPG
2019 November	DSC_0578.JPG
2019 November	DSC_0580.JPG
2019 November	DSC_0579.JPG
2019 November	DSC_0581.JPG
2019 November	DSC_0582.JPG
2019 November	DSC_0583.JPG
2019 November	DSC_0584.JPG
2019 November	DSC_0587.JPG
2019 November	DSC_0585.JPG
2019 November	DSC_0586.JPG
2019 November	DSC_0588.JPG
2019 November	DSC_0590.JPG
2019 November	DSC_0589.JPG
2019 November	DSC_0591.JPG
2019 November	DSC_0592.JPG
2019 November	DSC_0593.JPG
2019 November	DSC_0594.JPG
2019 November	DSC_0596.JPG
2019 November	DSC_0595.JPG
2019 November	DSC_0597.JPG
2019 November	DSC_0598.JPG
2019 November	DSC_0600.JPG
2019 November	DSC_0599.JPG
2019 November	DSC_0603.JPG
2019 November	DSC_0601.JPG
2019 November	DSC_0604.JPG
2019 November	DSC_0602.JPG
2019 November	DSC_0607.JPG
2019 November	DSC_0605.JPG
2019 November	DSC_0608.JPG
2019 November	DSC_0606.JPG
2019 November	DSC_0610.JPG
2019 November	DSC_0609.JPG
2019 November	DSC_0611.JPG
2019 November	DSC_0612.JPG
2019 November	DSC_0614.JPG
2019 November	DSC_0613.JPG
2019 November	DSC_0616.JPG
2019 November	DSC_0615.JPG
2019 November	DSC_0618.JPG
2019 November	DSC_0617.JPG
2019 November	DSC_0620.JPG
2019 November	DSC_0619.JPG
2019 November	DSC_0621.JPG
2019 November	DSC_0622.JPG
2019 November	DSC_0623.JPG
2019 November	DSC_0624.JPG
2019 November	DSC_0625.JPG
2019 November	DSC_0626.JPG
2019 November	DSC_0628.JPG
2019 November	DSC_0627.JPG
2019 November	DSC_0629.JPG
2019 November	DSC_0630.JPG
2019 November	DSC_0631.JPG
2019 November	DSC_0632.JPG
2019 November	DSC_0633.JPG
2019 November	DSC_0634.JPG
2019 November	DSC_0635.JPG
2019 November	DSC_0636.JPG
2019 November	DSC_0639.JPG
2019 November	DSC_0637.JPG
2019 November	DSC_0640.JPG
2019 November	DSC_0638.JPG
2019 November	DSC_0642.JPG
2019 November	DSC_0643.JPG
2019 November	DSC_0644.JPG
2019 November	DSC_0641.JPG
2019 November	DSC_0645.JPG
2019 November	DSC_0647.JPG
2019 November	DSC_0648.JPG
2019 November	DSC_0646.JPG
2019 November	DSC_0650.JPG
2019 November	DSC_0652.JPG
2019 November	DSC_0649.JPG
2019 November	DSC_0651.JPG
2019 November	DSC_0656.JPG
2019 November	DSC_0653.JPG
2019 November	DSC_0654.JPG
2019 November	DSC_0655.JPG
2019 November	DSC_0657.JPG
2019 November	DSC_0658.JPG
2019 November	DSC_0659.JPG
2019 November	DSC_0660.JPG
2019 November	DSC_0661.JPG
2019 November	DSC_0663.JPG
2019 November	DSC_0662.JPG
2019 November	DSC_0664.JPG
2019 November	DSC_0665.JPG
2019 November	DSC_0666.JPG
2019 November	DSC_0667.JPG
2019 November	DSC_0668.JPG
2019 November	DSC_0670.JPG
2019 November	DSC_0669.JPG
2019 November	DSC_0671.JPG
2019 November	DSC_0673.JPG
2019 November	DSC_0672.JPG
2019 November	DSC_0674.JPG
2019 November	DSC_0675.JPG
2019 November	DSC_0677.JPG
2019 November	DSC_0676.JPG
2019 November	DSC_0678.JPG
2019 November	DSC_0679.JPG
2019 November	DSC_0680.JPG
2019 November	DSC_0682.JPG
2019 November	DSC_0681.JPG
2019 November	DSC_0683.JPG
2019 November	DSC_0684.JPG
2019 November	DSC_0685.JPG
2019 November	DSC_0686.JPG
2019 November	DSC_0687.JPG
2019 November	DSC_0688.JPG
2019 November	DSC_0689.JPG
2019 November	DSC_0690.JPG
2019 November	DSC_0692.JPG
2019 November	DSC_0691.JPG
2019 November	DSC_0695.JPG
2019 November	DSC_0694.JPG
2019 November	DSC_0693.JPG
2019 November	DSC_0696.JPG
2019 November	DSC_0697.JPG
2019 November	DSC_0698.JPG
2019 November	DSC_0699.JPG
2019 November	DSC_0700.JPG
2019 November	DSC_0702.JPG
2019 November	DSC_0701.JPG
2019 November	DSC_0704.JPG
2019 November	DSC_0703.JPG
2019 November	DSC_0705.JPG
2019 November	DSC_0706.JPG
2019 November	DSC_0707.JPG
2019 November	DSC_0708.JPG
2019 November	DSC_0709.JPG
2019 November	DSC_0710.JPG
2019 November	DSC_0711.JPG
2019 November	DSC_0712.JPG
2019 November	DSC_0713.JPG
2019 November	DSC_0714.JPG
2019 November	DSC_0715.JPG
2019 November	DSC_0716.JPG
2019 November	DSC_0717.JPG
2019 November	DSC_0718.JPG
2019 November	DSC_0720.JPG
2019 November	DSC_0719.JPG
2019 November	DSC_0721.JPG
2019 November	DSC_0724.JPG
2019 November	DSC_0722.JPG
2019 November	DSC_0723.JPG
2019 November	DSC_0725.JPG
2019 November	DSC_0727.JPG
2019 November	DSC_0726.JPG
2019 November	DSC_0728.JPG
2019 November	DSC_0729.JPG
2019 November	DSC_0731.JPG
2019 November	DSC_0730.JPG
2019 November	DSC_0732.JPG
2019 November	DSC_0733.JPG
2019 November	DSC_0734.JPG
2019 November	DSC_0735.JPG
2019 November	DSC_0736.JPG
2019 November	DSC_0737.JPG
2019 November	DSC_0738.JPG
2019 November	DSC_0739.JPG
2019 November	DSC_0740.JPG
2019 November	DSC_0741.JPG
2019 November	DSC_0742.JPG
2019 November	DSC_0743.JPG
2019 November	DSC_0744.JPG
2019 November	DSC_0745.JPG
2019 November	DSC_0746.JPG
2019 November	DSC_0748.JPG
2019 November	DSC_0747.JPG
2019 November	DSC_0749.JPG
2019 November	DSC_0750.JPG
2019 November	DSC_0751.JPG
2019 November	DSC_0753.JPG
2019 November	DSC_0752.JPG
2019 November	DSC_0754.JPG
2019 November	DSC_0755.JPG
2019 November	DSC_0756.JPG
2019 November	DSC_0757.JPG
2019 November	DSC_0758.JPG
2019 November	DSC_0760.JPG
2019 November	DSC_0759.JPG
2019 November	DSC_0762.JPG
2019 November	DSC_0761.JPG
2019 November	DSC_0763.JPG
2019 November	DSC_0764.JPG
2019 November	DSC_0765.JPG
2019 November	DSC_0766.JPG
2019 November	DSC_0785.JPG
2019 November	DSC_0784.JPG
2019 November	DSC_0786.JPG
2019 November	DSC_0787.JPG
2019 November	DSC_0788.JPG
2019 November	DSC_0789.JPG
2019 November	DSC_0792.JPG
2019 November	DSC_0793.JPG
2019 November	DSC_0794.JPG
2019 November	DSC_0795.JPG
2019 November	DSC_0796.JPG
2019 November	DSC_0797.JPG
2019 November	DSC_0799.JPG
2019 November	DSC_0798.JPG
2019 November	DSC_0801.JPG
2019 November	DSC_0800.JPG
2019 November	DSC_0802.JPG
2019 November	DSC_0803.JPG
2019 November	DSC_0804.JPG
2019 November	DSC_0805.JPG
2019 November	DSC_0807.JPG
2019 November	DSC_0808.JPG
2019 November	DSC_0809.JPG
2019 November	DSC_0810.JPG
2019 November	DSC_0811.JPG
2019 November	DSC_0813.JPG
2019 November	DSC_0812.JPG
2019 November	DSC_0815.JPG
2019 November	DSC_0814.JPG
2019 November	DSC_0816.JPG
2019 November	DSC_0817.JPG
2019 November	DSC_0818.JPG
2019 November	DSC_0820.JPG
2019 November	DSC_0819.JPG
2019 November	DSC_0821.JPG
2019 November	DSC_0822.JPG
2019 November	DSC_0823.JPG
2019 November	DSC_0824.JPG
2019 November	DSC_0825.JPG
2019 November	DSC_0826.JPG
2019 November	DSC_0827.JPG
2019 November	DSC_0828.JPG
2019 November	DSC_0829.JPG
2019 November	DSC_0830.JPG
2019 November	DSC_0831.JPG
2019 November	DSC_0832.JPG
2019 November	DSC_0833.JPG
2019 November	DSC_0834.JPG
2019 November	DSC_0835.JPG
2019 November	DSC_0836.JPG
2019 November	DSC_0837.JPG
2019 November	DSC_0839.JPG
2019 November	DSC_0838.JPG
2019 November	DSC_0840.JPG
2019 November	DSC_0841.JPG
2019 November	DSC_0842.JPG
2019 November	DSC_0845.JPG
2019 November	DSC_0843.JPG
2019 November	DSC_0844.JPG
2019 November	DSC_0846.JPG
2019 November	DSC_0849.JPG
2019 November	DSC_0850.JPG
2019 November	DSC_0851.JPG
2019 November	DSC_0852.JPG
2019 November	DSC_0853.JPG
2019 November	DSC_0854.JPG
2019 November	DSC_0855.JPG
2019 November	DSC_0856.JPG
2019 November	DSC_0857.JPG
2019 November	DSC_0858.JPG
2019 November	DSC_0859.JPG
2019 November	DSC_0860.JPG
2019 November	DSC_0861.JPG
2019 November	DSC_0863.JPG
2019 November	DSC_0862.JPG
2019 November	DSC_0864.JPG
2019 November	DSC_0865.JPG
2019 November	DSC_0866.JPG
2019 November	DSC_0867.JPG
2019 November	DSC_0868.JPG
2019 November	DSC_0869.JPG
2019 November	DSC_0872.JPG
2019 November	DSC_0871.JPG
2019 November	DSC_0870.JPG
2019 November	DSC_0873.JPG
2019 November	DSC_0874.JPG
2019 November	DSC_0875.JPG
2019 November	DSC_0876.JPG
2019 November	DSC_0878.JPG
2019 November	DSC_0879.JPG
2019 November	DSC_0877.JPG
2019 November	DSC_0880.JPG
2019 November	DSC_0881.JPG
2019 November	DSC_0882.JPG
2019 November	DSC_0883.JPG
2019 November	DSC_0884.JPG
2019 November	DSC_0885.JPG
2019 November	DSC_0886.JPG
2019 November	DSC_0887.JPG
2019 November	DSC_0888.JPG
2019 November	DSC_0889.JPG
2019 November	DSC_0891.JPG
2019 November	DSC_0890.JPG
2019 November	DSC_0892.JPG
2019 November	DSC_0893.JPG
2019 November	DSC_0894.JPG
2019 November	DSC_0895.JPG
2019 November	DSC_0896.JPG
2019 November	DSC_0897.JPG
2019 November	DSC_0899.JPG
2019 November	DSC_0898.JPG
2019 November	DSC_0902.JPG
2019 November	DSC_0901.JPG
2019 November	DSC_0900.JPG
2019 November	DSC_0903.JPG
2019 November	DSC_0906.JPG
2019 November	DSC_0904.JPG
2019 November	DSC_0907.JPG
2019 November	DSC_0905.JPG
2019 November	DSC_0911.JPG
2019 November	DSC_0909.JPG
2019 November	DSC_0910.JPG
2019 November	DSC_0908.JPG
2019 November	DSC_0914.JPG
2019 November	DSC_0913.JPG
2019 November	DSC_0912.JPG
2019 November	DSC_0915.JPG
2019 November	DSC_0916.JPG
2019 November	DSC_0917.JPG
2019 November	DSC_0918.JPG
2019 November	DSC_0919.JPG
2019 November	DSC_0920.JPG
2019 November	DSC_0921.JPG
2019 November	DSC_0923.JPG
2019 November	DSC_0922.JPG
2019 November	DSC_0926.JPG
2019 November	DSC_0925.JPG
2019 November	DSC_0924.JPG
2019 November	DSC_0927.JPG
2019 November	DSC_0928.JPG
2019 November	DSC_0931.JPG
2019 November	DSC_0929.JPG
2019 November	DSC_0930.JPG
2019 November	DSC_0932.JPG
2019 November	DSC_0933.JPG
2019 November	DSC_0934.JPG
2019 November	DSC_0936.JPG
2019 November	DSC_0937.JPG
2019 November	DSC_0935.JPG
2019 November	DSC_0938.JPG
2019 November	DSC_0939.JPG
2019 November	DSC_0941.JPG
2019 November	DSC_0942.JPG
2019 November	DSC_0943.JPG
2019 November	DSC_0940.JPG
2019 November	DSC_0944.JPG
2019 November	DSC_0945.JPG
2019 November	DSC_0946.JPG
2019 November	DSC_0947.JPG
2019 November	DSC_0948.JPG
2019 November	DSC_0949.JPG
2019 November	DSC_0950.JPG
2019 November	DSC_0952.JPG
2019 November	DSC_0951.JPG
2019 November	DSC_0953.JPG
2019 November	DSC_0955.JPG
2019 November	DSC_0956.JPG
2019 November	DSC_0957.JPG
2019 November	DSC_0954.JPG
2019 November	DSC_0958.JPG
2019 November	DSC_0959.JPG
2019 November	DSC_0960.JPG
2019 November	DSC_0961.JPG
2019 November	DSC_0962.JPG
2019 November	DSC_0964.JPG
2019 November	DSC_0963.JPG
2019 November	DSC_0965.JPG
2019 November	DSC_0966.JPG
2019 November	DSC_0967.JPG
2019 November	DSC_0968.JPG
2019 November	DSC_0969.JPG
2019 November	DSC_0970.JPG
2019 November	DSC_0971.JPG
2019 November	DSC_0972.JPG
2019 November	DSC_0973.JPG
2019 November	DSC_0974.JPG
2019 November	DSC_0975.JPG
2019 November	DSC_0976.JPG
2019 November	DSC_0977.JPG
2019 November	DSC_0978.JPG
2019 November	DSC_0979.JPG
2019 November	DSC_0980.JPG
2019 November	DSC_0981.JPG
2019 November	DSC_0982.JPG
2019 November	DSC_0984.JPG
2019 November	DSC_0983.JPG
2019 November	DSC_0985.JPG
2019 November	DSC_0986.JPG
2019 November	DSC_0987.JPG
2019 November	DSC_0988.JPG
2019 November	DSC_0989.JPG
2019 November	DSC_0991.JPG
2019 November	DSC_0990.JPG
2019 November	DSC_0993.JPG
2019 November	DSC_0992.JPG
2019 November	DSC_0994.JPG
2019 November	DSC_0995.JPG
2019 November	DSC_0996.JPG
2019 November	DSC_0997.JPG
2019 November	DSC_0999.JPG
2019 November	DSC_0998.JPG
2019 November	DSC_1000.JPG
2019 November	DSC_1003.JPG
2019 November	DSC_1002.JPG
2019 November	DSC_1001.JPG
2019 November	DSC_1004.JPG
2019 November	DSC_1005.JPG
2019 November	DSC_1006.JPG
2019 November	DSC_1007.JPG
2019 November	DSC_1008.JPG
2019 November	DSC_1010.JPG
2019 November	DSC_1009.JPG
2019 November	DSC_1011.JPG
2019 November	DSC_1012.JPG
2019 November	DSC_1014.JPG
2019 November	DSC_1015.JPG
2019 November	DSC_1013.JPG
2019 November	DSC_1017.JPG
2019 November	DSC_1016.JPG
2019 November	DSC_1019.JPG
2019 November	DSC_1018.JPG
2019 November	DSC_1022.JPG
2019 November	DSC_1020.JPG
2019 November	DSC_1021.JPG
2019 November	DSC_1023.JPG
2019 November	DSC_1024.JPG
2019 November	DSC_1025.JPG
2019 November	DSC_1026.JPG
2019 November	DSC_1027.JPG
2019 November	DSC_1028.JPG
2019 November	DSC_1030.JPG
2019 November	DSC_1031.JPG
2019 November	DSC_1029.JPG
2019 November	DSC_1034.JPG
2019 November	DSC_1032.JPG
2019 November	DSC_1033.JPG
2019 November	DSC_1035.JPG
2019 November	DSC_1037.JPG
2019 November	DSC_1039.JPG
2019 November	DSC_1036.JPG
2019 November	DSC_1038.JPG
2019 November	DSC_1040.JPG
2019 November	DSC_1042.JPG
2019 November	DSC_1041.JPG
2019 November	DSC_1043.JPG
2019 November	DSC_1045.JPG
2019 November	DSC_1044.JPG
2019 November	DSC_1046.JPG
2019 November	DSC_1047.JPG
2019 November	DSC_1049.JPG
2019 November	DSC_1048.JPG
2019 November	DSC_1050.JPG
2019 November	DSC_1052.JPG
2019 November	DSC_1051.JPG
2019 November	DSC_1053.JPG
2019 November	DSC_1054.JPG
2019 November	DSC_1057.JPG
2019 November	DSC_1055.JPG
2019 November	DSC_1058.JPG
2019 November	DSC_1056.JPG
2019 November	DSC_1060.JPG
2019 November	DSC_1061.JPG
2019 November	DSC_1059.JPG
2019 November	DSC_1062.JPG
2019 November	DSC_1063.JPG
2019 November	DSC_1064.JPG
2019 November	DSC_1065.JPG
2019 November	DSC_1066.JPG
2019 November	DSC_1069.JPG
2019 November	DSC_1068.JPG
2019 November	DSC_1067.JPG
2019 November	DSC_1070.JPG
2019 November	DSC_1071.JPG
2019 November	DSC_1073.JPG
2019 November	DSC_1072.JPG
2019 November	DSC_1074.JPG
2019 November	DSC_1075.JPG
2019 November	DSC_1077.JPG
2019 November	DSC_1078.JPG
2019 November	DSC_1076.JPG
2019 November	DSC_1079.JPG
2019 November	DSC_1081.JPG
2019 November	DSC_1083.JPG
2019 November	DSC_1080.JPG
2019 November	DSC_1082.JPG
2019 November	DSC_1084.JPG
2019 November	DSC_1087.JPG
2019 November	DSC_1086.JPG
2019 November	DSC_1085.JPG
2019 November	DSC_1090.JPG
2019 November	DSC_1089.JPG
2019 November	DSC_1088.JPG
2019 November	DSC_1091.JPG
2019 November	DSC_1093.JPG
2019 November	DSC_1092.JPG
2019 November	DSC_1094.JPG
2019 November	DSC_1095.JPG
2019 November	DSC_1097.JPG
2019 November	DSC_1098.JPG
2019 November	DSC_1096.JPG
2019 November	DSC_1099.JPG
2019 November	DSC_1100.JPG
2019 November	DSC_1101.JPG
2019 November	DSC_1102.JPG
2019 November	DSC_1103.JPG
2019 November	DSC_1105.JPG
2019 November	DSC_1107.JPG
2019 November	DSC_1106.JPG
2019 November	DSC_1104.JPG
2019 November	DSC_1108.JPG
2019 November	DSC_1109.JPG
2019 November	DSC_1110.JPG
2019 November	DSC_1111.JPG
2019 November	DSC_1113.JPG
2019 November	DSC_1114.JPG
2019 November	DSC_1112.JPG
2019 November	DSC_1115.JPG
2019 November	DSC_1116.JPG
2019 November	DSC_1118.JPG
2019 November	DSC_1117.JPG
2019 November	DSC_1120.JPG
2019 November	DSC_1121.JPG
2019 November	DSC_1119.JPG
2019 November	DSC_1122.JPG
2019 November	DSC_1123.JPG
2019 November	DSC_1124.JPG
2019 November	DSC_1125.JPG
2019 November	DSC_1126.JPG
2019 November	DSC_1127.JPG
2019 November	DSC_1129.JPG
2019 November	DSC_1128.JPG
2019 November	DSC_1130.JPG
2019 November	DSC_1131.JPG
2019 November	DSC_1133.JPG
2019 November	DSC_1132.JPG
2019 November	DSC_1134.JPG
2019 November	DSC_1135.JPG
2019 November	DSC_1137.JPG
2019 November	DSC_1136.JPG
2019 November	DSC_1138.JPG
2019 November	DSC_1139.JPG
2019 November	DSC_1140.JPG
2019 November	DSC_1141.JPG
2019 November	DSC_1142.JPG
2019 November	DSC_1143.JPG
2019 November	DSC_1144.JPG
2019 November	DSC_1145.JPG
2019 November	DSC_1146.JPG
2019 November	DSC_1147.JPG
2019 November	DSC_1148.JPG
2019 November	DSC_1149.JPG
2019 November	DSC_1150.JPG
2019 November	DSC_1151.JPG
2019 November	DSC_1152.JPG
2019 November	DSC_1154.JPG
2019 November	DSC_1153.JPG
2019 November	DSC_1155.JPG
2019 November	DSC_1156.JPG
2019 November	DSC_1157.JPG
2019 November	DSC_1158.JPG
2019 November	DSC_1159.JPG
2019 November	DSC_1160.JPG
2019 November	DSC_1161.JPG
2019 November	DSC_1162.JPG
2019 November	DSC_1163.JPG
2019 November	DSC_1165.JPG
2019 November	DSC_1166.JPG
2019 November	DSC_1164.JPG
2019 November	DSC_1167.JPG
2019 November	DSC_1169.JPG
2019 November	DSC_1170.JPG
2019 November	DSC_1168.JPG
2019 November	DSC_1171.JPG
2019 November	DSC_1174.JPG
2019 November	DSC_1172.JPG
2019 November	DSC_1173.JPG
2019 November	DSC_1175.JPG
2019 November	DSC_1177.JPG
2019 November	DSC_1176.JPG
2019 November	DSC_1179.JPG
2019 November	DSC_1178.JPG
2019 November	DSC_1180.JPG
2019 November	DSC_1181.JPG
2019 November	DSC_1183.JPG
2019 November	DSC_1182.JPG
2019 November	DSC_1184.JPG
2019 November	DSC_1185.JPG
2019 November	DSC_1187.JPG
2019 November	DSC_1186.JPG
2019 November	DSC_1188.JPG
2019 November	DSC_1189.JPG
2019 November	DSC_1190.JPG
2019 November	DSC_1191.JPG
2019 November	DSC_1197.JPG
2019 November	DSC_1192.JPG
2019 November	DSC_1199.JPG
2019 November	DSC_1198.JPG
2019 November	DSC_1200.JPG
2019 November	DSC_1201.JPG
2019 November	DSC_1202.JPG
2019 November	DSC_1204.JPG
2019 November	DSC_1205.JPG
2019 November	DSC_1203.JPG
2019 November	DSC_1206.JPG
2019 November	DSC_1207.JPG
2019 November	DSC_1208.JPG
2019 November	DSC_1209.JPG
2019 November	DSC_1210.JPG
2019 November	DSC_1212.JPG
2019 November	DSC_1211.JPG
2019 November	DSC_1213.JPG
2019 November	DSC_1214.JPG
2019 November	DSC_1215.JPG
2019 November	DSC_1216.JPG
2019 November	DSC_1217.JPG
2019 November	DSC_1218.JPG
2019 November	DSC_1220.JPG
2019 November	DSC_1219.JPG
2019 November	DSC_1222.JPG
2019 November	DSC_1221.JPG
2019 November	DSC_1223.JPG
2019 November	DSC_1224.JPG
2019 November	DSC_1226.JPG
2019 November	DSC_1225.JPG
2019 November	DSC_1227.JPG
2019 November	DSC_1228.JPG
2019 November	DSC_1229.JPG
2019 November	DSC_1231.JPG
2019 November	DSC_1230.JPG
2019 November	DSC_1232.JPG
2019 November	DSC_1233.JPG
2019 November	DSC_1234.JPG
2019 November	DSC_1235.JPG
2019 November	DSC_1236.JPG
2019 November	DSC_1238.JPG
2019 November	DSC_1237.JPG
2019 November	DSC_1239.JPG
2019 November	DSC_1240.JPG
2019 November	DSC_1241.JPG
2019 November	DSC_1242.JPG
2019 November	DSC_1243.JPG
2019 November	DSC_1244.JPG
2019 November	DSC_1248.JPG
2019 November	DSC_1245.JPG
2019 November	DSC_1246.JPG
2019 November	DSC_1247.JPG
2019 November	DSC_1251.JPG
2019 November	DSC_1249.JPG
2019 November	DSC_1250.JPG
2019 November	DSC_1252.JPG
2019 November	DSC_1253.JPG
2019 November	DSC_1255.JPG
2019 November	DSC_1254.JPG
2019 November	DSC_1256.JPG
2019 November	DSC_1257.JPG
2019 November	DSC_1259.JPG
2019 November	DSC_1258.JPG
2019 November	DSC_1260.JPG
2019 November	DSC_1262.JPG
2019 November	DSC_1261.JPG
2019 November	DSC_1263.JPG
2019 November	DSC_1264.JPG
2019 November	DSC_1265.JPG
2019 November	DSC_1268.JPG
2019 November	DSC_1266.JPG
2019 November	DSC_1267.JPG
2019 November	DSC_1269.JPG
2019 November	DSC_1270.JPG
2019 November	DSC_1271.JPG
2019 November	DSC_1272.JPG
2019 November	DSC_1273.JPG
2019 November	DSC_1275.JPG
2019 November	DSC_1274.JPG
2019 November	DSC_1276.JPG
2019 November	DSC_1277.JPG
2019 November	DSC_1278.JPG
2019 November	DSC_1279.JPG
2019 November	DSC_1280.JPG
2019 November	DSC_1281.JPG
2019 November	DSC_1282.JPG
2019 November	DSC_1283.JPG
2019 November	DSC_1284.JPG
2019 November	DSC_1285.JPG
2019 November	DSC_1287.JPG
2019 November	DSC_1286.JPG
2019 November	DSC_1288.JPG
2019 November	DSC_1289.JPG
2019 November	DSC_1290.JPG
2019 November	DSC_1291.JPG
2019 November	DSC_1292.JPG
2019 November	DSC_1293.JPG
2019 November	DSC_1294.JPG
2019 November	DSC_1295.JPG
2019 November	DSC_1296.JPG
2019 November	DSC_1297.JPG
2019 November	DSC_1298.JPG
2019 November	DSC_1299.JPG
2019 November	DSC_1301.JPG
2019 November	DSC_1300.JPG
2019 November	DSC_1302.JPG
2019 November	DSC_1304.JPG
2019 November	DSC_1303.JPG
2019 November	DSC_1305.JPG
2019 November	DSC_1306.JPG
2019 November	DSC_1308.JPG
2019 November	DSC_1307.JPG
2019 November	DSC_1309.JPG
2019 November	DSC_1310.JPG
2019 November	DSC_1311.JPG
2019 November	DSC_1312.JPG
2019 November	DSC_1313.JPG
2019 November	DSC_1315.JPG
2019 November	DSC_1314.JPG
2019 November	DSC_1318.JPG
2019 November	DSC_1317.JPG
2019 November	DSC_1316.JPG
2019 November	DSC_1319.JPG
2019 November	DSC_1320.JPG
