Genus,Image_name
Ancistrus,DSCN0083-HERM.JPG
Ancistrus,DSCN0084-HERM.JPG
Ancistrus,DSCN0088-HERM.JPG
Ancistrus,DSCN0089-HERM.JPG
Ancistrus,DSCN0248-KNTSH.JPG
Ancistrus,DSCN0249-KNTSH.JPG
Ancistrus,DSCN0279-HERM.JPG
Ancistrus,DSCN0280-HERM.JPG
Ancistrus,DSCN0282-HERM.JPG
Ancistrus,DSCN0283-HERM.JPG
Ancistrus,DSCN0284-HERM.JPG
Ancistrus,DSCN0285-HERM.JPG
Ancistrus,DSCN0308-HERM.JPG
Ancistrus,DSCN0309-HERM.JPG
Ancistrus,DSCN0350-HERM.JPG
Ancistrus,DSCN0351-HERM.JPG
Ancistrus,DSCN0352-HERM.JPG
Ancistrus,DSCN0353-HERM.JPG
Ancistrus,DSC_0016-HER.JPG
Ancistrus,DSC_0027-HER.JPG
Ancistrus,DSC_0028-HER.JPG
Ancistrus,DSC_0031-HER.JPG
Ancistrus,DSC_0032-HER.JPG
Ancistrus,DSC_0032-KANT.JPG
Ancistrus,DSC_0033-KANT.JPG
Ancistrus,DSC_0052-KANT.JPG
Ancistrus,DSC_0054-KANT.JPG
Ancistrus,DSC_0055-KANT.JPG
Ancistrus,DSC_0109-HER.JPG
Ancistrus,DSC_0110-HER.JPG
Ancistrus,DSC_0111-HER.JPG
Ancistrus,DSC_0112-HER.JPG
Ancistrus,DSC_0113-HER.JPG
Ancistrus,DSC_0114-HER.JPG
Ancistrus,DSC_0135-HER.JPG
Ancistrus,DSC_0136-HER.JPG
Ancistrus,DSC_0173-HER.JPG
Ancistrus,DSC_0174-HER.JPG
Ancistrus,DSC_0175-HER.JPG
Ancistrus,DSC_0176-HER.JPG
Apistogramma,DSCN0242-KNTSH.JPG
Apistogramma,DSCN0246-KNTSH.JPG
Apistogramma,DSCN0305-HERM.JPG
Apistogramma,DSCN0306-HERM.JPG
Apistogramma,DSCN0550-KNTSH.JPG
Apistogramma,DSCN0554-KNTSH.JPG
Apistogramma,DSCN0555-KNTSH.JPG
Apistogramma,DSCN0556-KNTSH.JPG
Apistogramma,DSCN0567-KNTSH.JPG
Apistogramma,DSCN0569-KNTSH.JPG
Apistogramma,DSC_0029-KANT.JPG
Apistogramma,DSC_0034-KANT.JPG
Apistogramma,DSC_0035-KANT.JPG
Apistogramma,DSC_0047-KANT.JPG
Apistogramma,DSC_0051-KANT.JPG
Apistogramma,DSC_0056-KANT.JPG
Apistogramma,DSC_0081-KANT.JPG
Apistogramma,DSC_0132-HER.JPG
Apistogramma,DSC_0133-HER.JPG
Apistogramma,DSC_0136-KANT.JPG
Apistogramma,DSC_0137-KANT.JPG
Apistogramma,DSC_0254-KANT.JPG
Apistogramma,DSC_0260-KANT.JPG
Apistogramma,DSC_0261-KANT.JPG
Astyanax,DSCN0060-HERM.JPG
Astyanax,DSCN0233-KNTSH.JPG
Astyanax,DSCN0236-KNTSH.JPG
Astyanax,DSCN0267-HERM.JPG
Astyanax,DSCN0318-HERM.JPG
Astyanax,DSCN0319-HERM.JPG
Astyanax,DSCN0322-PM2.JPG
Astyanax,DSCN0330-HERM.JPG
Astyanax,DSCN0330-PM2.JPG
Astyanax,DSCN0332-HERM.JPG
Astyanax,DSCN0335-PM2.JPG
Astyanax,DSCN0342-HERM.JPG
Astyanax,DSCN0443-PM1.JPG
Astyanax,DSCN0444-PM1.JPG
Astyanax,DSCN0449-PM1.JPG
Astyanax,DSCN0467-PM3.JPG
Astyanax,DSCN0478-PM1.JPG
Astyanax,DSCN0526.JPG
Astyanax,DSCN0527.JPG
Astyanax,DSCN0528.JPG
Astyanax,DSCN0529.JPG
Astyanax,DSCN0530.JPG
Astyanax,DSCN0531.JPG
Astyanax,DSCN0532.JPG
Astyanax,DSCN0533.JPG
Astyanax,DSCN0534.JPG
Astyanax,DSCN0535.JPG
Astyanax,DSCN0536.JPG
Astyanax,DSCN0537.JPG
Astyanax,DSCN0538.JPG
Astyanax,DSCN0539.JPG
Astyanax,DSCN0540.JPG
Astyanax,DSCN0541.JPG
Astyanax,DSCN0542.JPG
Astyanax,DSCN0543.JPG
Astyanax,DSCN0544.JPG
Astyanax,DSCN0545.JPG
Astyanax,DSCN0546.JPG
Astyanax,DSCN0547.JPG
Astyanax,DSCN0548.JPG
Astyanax,DSCN0549.JPG
Astyanax,DSCN0550.JPG
Astyanax,DSCN0551.JPG
Astyanax,DSCN0552.JPG
Astyanax,DSCN0553.JPG
Astyanax,DSCN0554.JPG
Astyanax,DSCN0555.JPG
Astyanax,DSCN0556.JPG
Astyanax,DSCN0557.JPG
Astyanax,DSCN0558.JPG
Astyanax,DSCN0559.JPG
Astyanax,DSCN0560.JPG
Astyanax,DSCN0561.JPG
Astyanax,DSCN0562-KNTSH.JPG
Astyanax,DSCN0562.JPG
Astyanax,DSCN0563-KNTSH.JPG
Astyanax,DSCN0563.JPG
Astyanax,DSCN0564.JPG
Astyanax,DSCN0565.JPG
Astyanax,DSCN0566.JPG
Astyanax,DSCN0567.JPG
Astyanax,DSCN0568.JPG
Astyanax,DSCN0569.JPG
Astyanax,DSCN0570.JPG
Astyanax,DSCN0571.JPG
Astyanax,DSCN0636.JPG
Astyanax,DSCN0637.JPG
Astyanax,DSCN0638.JPG
Astyanax,DSCN0639.JPG
Astyanax,DSCN0640.JPG
Astyanax,DSCN0641.JPG
Astyanax,DSCN0642.JPG
Astyanax,DSCN0643.JPG
Astyanax,DSCN0644.JPG
Astyanax,DSCN0645.JPG
Astyanax,DSCN0646.JPG
Astyanax,DSCN0647.JPG
Astyanax,DSCN0648.JPG
Astyanax,DSCN0649.JPG
Astyanax,DSCN0650.JPG
Astyanax,DSCN0651.JPG
Astyanax,DSCN0652.JPG
Astyanax,DSCN0653.JPG
Astyanax,DSCN0654.JPG
Astyanax,DSCN0655.JPG
Astyanax,DSCN0656.JPG
Astyanax,DSCN0657.JPG
Astyanax,DSCN0658.JPG
Astyanax,DSCN0659.JPG
Astyanax,DSCN0660.JPG
Astyanax,DSCN0661.JPG
Astyanax,DSCN0662.JPG
Astyanax,DSCN0663.JPG
Astyanax,DSCN0664.JPG
Astyanax,DSCN0665.JPG
Astyanax,DSCN0666.JPG
Astyanax,DSC_0006-HER.JPG
Astyanax,DSC_0030-KANT.JPG
Astyanax,DSC_0038-KANT.JPG
Astyanax,DSC_0039-KANT.JPG
Astyanax,DSC_0042-KANT.JPG
Astyanax,DSC_0058-PM3.JPG
Astyanax,DSC_0098-HER.JPG
Astyanax,DSC_0106-PM1.JPG
Astyanax,DSC_0107-PM1.JPG
Astyanax,DSC_0112-PM1.JPG
Astyanax,DSC_0144-HER.JPG
Astyanax,DSC_0145-HER.JPG
Astyanax,DSC_0156-HER.JPG
Astyanax,DSC_0158-HER.JPG
Astyanax,DSC_0160-PM1.JPG
Astyanax,DSC_0166-HER.JPG
Astyanax,DSC_0184-PM2.JPG
Astyanax,DSC_0186-PM2.JPG
Astyanax,DSC_0193-PM2.JPG
Astyanax,DSC_0198-PM2.JPG
Bario,DSCN0572.JPG
Bario,DSCN0573.JPG
Bario,DSCN0574.JPG
Bario,DSCN0575.JPG
Bario,DSCN0576.JPG
Bario,DSCN0577.JPG
Bario,DSCN0578.JPG
Bario,DSCN0579.JPG
Bario,DSCN0580.JPG
Bario,DSCN0581.JPG
Bario,DSCN0582.JPG
Bario,DSCN0583.JPG
Bario,DSCN0667.JPG
Bario,DSCN0668.JPG
Bario,DSCN0669.JPG
Bario,DSCN0670.JPG
Bario,DSCN0671.JPG
Bario,DSCN0672.JPG
Bario,DSCN0673.JPG
Bario,DSCN0674.JPG
Bario,DSCN0675.JPG
Bario,DSCN0676.JPG
Bario,DSCN0677.JPG
Bario,DSCN0678.JPG
Bario,DSCN0679.JPG
Bario,DSCN0680.JPG
Bario,DSCN0681.JPG
Bario,DSCN0682.JPG
Bario,DSCN0683.JPG
Bario,DSCN0684.JPG
Bryconops,DSCN0515.JPG
Bryconops,DSCN0516.JPG
Bryconops,DSCN0517.JPG
Bryconops,DSCN0518.JPG
Bryconops,DSCN0519.JPG
Bryconops,DSCN0520.JPG
Bryconops,DSCN0521.JPG
Bryconops,DSCN0522.JPG
Bryconops,DSCN0523.JPG
Bryconops,DSCN0524.JPG
Bryconops,DSCN0525.JPG
Bryconops,DSCN0526.JPG
Bryconops,DSCN0527.JPG
Bryconops,DSCN0528.JPG
Bryconops,DSCN0529.JPG
Bryconops,DSCN0530.JPG
Bryconops,DSCN0531.JPG
Bryconops,DSCN0532.JPG
Bryconops,DSCN0533.JPG
Bryconops,DSCN0534.JPG
Bryconops,DSCN0535.JPG
Bryconops,DSCN0536.JPG
Bryconops,DSCN0537.JPG
Bryconops,DSCN0538.JPG
Bryconops,DSCN0539.JPG
Bryconops,DSCN0540.JPG
Bryconops,DSCN0541.JPG
Bryconops,DSCN0542.JPG
Bryconops,DSCN0543.JPG
Bryconops,DSCN0544.JPG
Bryconops,DSCN0545.JPG
Bryconops,DSCN0546.JPG
Bryconops,DSCN0547.JPG
Bryconops,DSCN0548.JPG
Bryconops,DSCN0549.JPG
Bryconops,DSCN0550.JPG
Bryconops,DSCN0551.JPG
Bujurquina,DSCN0292-HERM.JPG
Bujurquina,DSCN0301-HERM.JPG
Bujurquina,DSCN0302-HERM.JPG
Bujurquina,DSCN0304-HERM.JPG
Bujurquina,DSCN0324-HERM.JPG
Bujurquina,DSCN0325-PM2.JPG
Bujurquina,DSCN0326-HERM.JPG
Bujurquina,DSCN0326-PM2.JPG
Bujurquina,DSCN0327-PM2.JPG
Bujurquina,DSCN0331-HERM.JPG
Bujurquina,DSCN0335-HERM.JPG
Bujurquina,DSCN0339-HERM.JPG
Bujurquina,DSCN0439-PM1.JPG
Bujurquina,DSCN0440-PM1.JPG
Bujurquina,DSCN0441-PM1.JPG
Bujurquina,DSCN0446-PM1.JPG
Bujurquina,DSCN0560-KNTSH.JPG
Bujurquina,DSCN0571-KNTSH.JPG
Bujurquina,DSC_0064-KANT.JPG
Bujurquina,DSC_0068-KANT.JPG
Bujurquina,DSC_0102-PM1.JPG
Bujurquina,DSC_0103-PM1.JPG
Bujurquina,DSC_0104-PM1.JPG
Bujurquina,DSC_0109-PM1.JPG
Bujurquina,DSC_0121-HER.JPG
Bujurquina,DSC_0129-HER.JPG
Bujurquina,DSC_0130-HER.JPG
Bujurquina,DSC_0131-HER.JPG
Bujurquina,DSC_0135-KANT.JPG
Bujurquina,DSC_0150-HER.JPG
Bujurquina,DSC_0151-HER.JPG
Bujurquina,DSC_0152-HER.JPG
Bujurquina,DSC_0157-HER.JPG
Bujurquina,DSC_0161-HER.JPG
Bujurquina,DSC_0165-HER.JPG
Bujurquina,DSC_0188-PM2.JPG
Bujurquina,DSC_0189-PM2.JPG
Bujurquina,DSC_0190-PM2.JPG
Bujurquina,DSC_0264-KANT.JPG
Bunocephalus,DSCN0478.JPG
Bunocephalus,DSCN0479.JPG
Bunocephalus,DSCN0480.JPG
Bunocephalus,DSCN0481.JPG
Bunocephalus,DSCN0482.JPG
Bunocephalus,DSCN0483.JPG
Bunocephalus,DSCN0484.JPG
Bunocephalus,DSCN0485.JPG
Bunocephalus,DSCN0486.JPG
Bunocephalus,DSCN0487.JPG
Bunocephalus,DSCN0488.JPG
Bunocephalus,DSCN0489.JPG
Bunocephalus,DSCN0490.JPG
Bunocephalus,DSCN0491.JPG
Bunocephalus,DSCN0492.JPG
Bunocephalus,DSCN0493.JPG
Bunocephalus,DSCN0494.JPG
Bunocephalus,DSCN0495.JPG
Bunocephalus,DSCN0496.JPG
Bunocephalus,DSCN0497.JPG
Bunocephalus,DSCN0498.JPG
Bunocephalus,DSCN0499.JPG
Bunocephalus,DSCN0500.JPG
Bunocephalus,DSCN0501.JPG
Bunocephalus,DSCN0502.JPG
Bunocephalus,DSCN0503.JPG
Bunocephalus,DSCN0504.JPG
Bunocephalus,DSCN0505.JPG
Bunocephalus,DSCN0506.JPG
Bunocephalus,DSCN0507.JPG
Bunocephalus,DSCN0508.JPG
Bunocephalus,DSCN0509.JPG
Bunocephalus,DSCN0510.JPG
Bunocephalus,DSCN0511.JPG
Bunocephalus,DSCN0512.JPG
Bunocephalus,DSCN0513.JPG
Bunocephalus,DSCN0514.JPG
Characidium,DSCN0338-PM2.JPG
Characidium,DSCN0339-PM2.JPG
Characidium,DSCN0340-PM2.JPG
Characidium,DSCN0341-PM2.JPG
Characidium,DSCN0342-PM2.JPG
Characidium,DSCN0343-PM2.JPG
Characidium,DSCN0344-PM2.JPG
Characidium,DSCN0345-PM2.JPG
Characidium,DSCN0346-PM2.JPG
Characidium,DSCN0347-PM2.JPG
Characidium,DSCN0348-PM2.JPG
Characidium,DSCN0473-PM1.JPG
Characidium,DSCN0474-PM1.JPG
Characidium,DSCN0504-PM1.JPG
Characidium,DSCN0505-PM1.JPG
Characidium,DSCN0508-PM1.JPG
Characidium,DSCN0509-PM1.JPG
Characidium,DSCN0510-PM1.JPG
Characidium,DSCN0511-PM1.JPG
Characidium,DSCN0512-PM1.JPG
Characidium,DSCN0516-PM1.JPG
Characidium,DSCN0517-PM1.JPG
Characidium,DSCN0520-PM1.JPG
Characidium,DSCN0521-PM1.JPG
Characidium,DSCN0522-PM1.JPG
Characidium,DSCN0523-PM1.JPG
Characidium,DSCN0524-PM1.JPG
Characidium,DSCN0538-PM1.JPG
Characidium,DSCN0552-KNTSH.JPG
Characidium,DSC_0138-PM1.JPG
Characidium,DSC_0139-PM1.JPG
Characidium,DSC_0184-PM1.JPG
Characidium,DSC_0185-PM1.JPG
Characidium,DSC_0186-PM1.JPG
Characidium,DSC_0187-PM1.JPG
Characidium,DSC_0188-PM1.JPG
Characidium,DSC_0189-PM1.JPG
Characidium,DSC_0190-PM1.JPG
Characidium,DSC_0201-PM2.JPG
Characidium,DSC_0202-PM2.JPG
Characidium,DSC_0203-PM2.JPG
Characidium,DSC_0204-PM2.JPG
Characidium,DSC_0205-PM2.JPG
Characidium,DSC_0206-PM2.JPG
Characidium,DSC_0207-PM2.JPG
Characidium,DSC_0208-PM2.JPG
Characidium,DSC_0209-PM2.JPG
Characidium,DSC_0210-PM1.JPG
Characidium,DSC_0210-PM2.JPG
Characidium,DSC_0211-PM1.JPG
Characidium,DSC_0212-PM1.JPG
Characidium,DSC_0217-PM1.JPG
Characidium,DSC_0218-PM1.JPG
Characidium,DSC_0219-PM1.JPG
Characidium,DSC_0220-PM1.JPG
Characidium,DSC_0221-PM1.JPG
Characidium,DSC_0239-PM1.JPG
Characidium,DSC_0256-KANT.JPG
Characidium,DSC_9271-PM2.JPG
Characidium,DSC_9272-PM2.JPG
Charax,DSCN0469.JPG
Charax,DSCN0470.JPG
Charax,DSCN0471.JPG
Charax,DSCN0472.JPG
Charax,DSCN0473.JPG
Charax,DSCN0474.JPG
Charax,DSCN0475.JPG
Charax,DSCN0476.JPG
Charax,DSCN0477.JPG
Charax,DSCN0478.JPG
Charax,DSCN0479.JPG
Charax,DSCN0480.JPG
Charax,DSCN0481.JPG
Charax,DSCN0482.JPG
Charax,DSCN0483.JPG
Charax,DSCN0484.JPG
Charax,DSCN0485.JPG
Charax,DSCN0486.JPG
Charax,DSCN0487.JPG
Charax,DSCN0488.JPG
Charax,DSCN0489.JPG
Charax,DSCN0490.JPG
Charax,DSCN0491.JPG
Charax,DSCN0492.JPG
Charax,DSCN0493.JPG
Charax,DSCN0494.JPG
Charax,DSCN0495.JPG
Charax,DSCN0496.JPG
Charax,DSCN0497.JPG
Charax,DSCN0498.JPG
Charax,DSCN0499.JPG
Charax,DSCN0500.JPG
Charax,DSCN0501.JPG
Charax,DSCN0502.JPG
Charax,DSCN0503.JPG
Charax,DSCN0504.JPG
Charax,DSCN0505.JPG
Charax,DSCN0506.JPG
Charax,DSCN0507.JPG
Charax,DSCN0508.JPG
Charax,DSCN0509.JPG
Charax,DSCN0510.JPG
Charax,DSCN0511.JPG
Charax,DSCN0512.JPG
Charax,DSCN0513.JPG
Charax,DSCN0514.JPG
Charax,DSCN0515.JPG
Charax,DSCN0516.JPG
Charax,DSCN0517.JPG
Charax,DSCN0518.JPG
Charax,DSCN0519.JPG
Charax,DSCN0520.JPG
Charax,DSCN0521.JPG
Charax,DSCN0522.JPG
Charax,DSCN0523.JPG
Charax,DSCN0562.JPG
Charax,DSCN0563.JPG
Charax,DSCN0564.JPG
Charax,DSCN0565.JPG
Charax,DSCN0566.JPG
Charax,DSCN0567.JPG
Charax,DSCN0568.JPG
Charax,DSCN0569.JPG
Charax,DSCN0570.JPG
Charax,DSCN0571.JPG
Charax,DSCN0572.JPG
Charax,DSCN0573.JPG
Charax,DSCN0574.JPG
Charax,DSCN0575.JPG
Charax,DSCN0576.JPG
Charax,DSCN0577.JPG
Charax,DSCN0578.JPG
Charax,DSCN0579.JPG
Charax,DSCN0580.JPG
Charax,DSCN0581.JPG
Charax,DSCN0582.JPG
Charax,DSCN0583.JPG
Copella,ADSCN0100.JPG
Copella,ADSCN0101.JPG
Copella,ADSCN0102.JPG
Copella,ADSCN0103.JPG
Copella,ADSCN0105.JPG
Copella,ADSCN0106.JPG
Copella,ADSCN0107.JPG
Copella,ADSCN0108.JPG
Copella,ADSCN0109.JPG
Copella,ADSCN0110.JPG
Copella,ADSCN0111.JPG
Copella,ADSCN0112.JPG
Copella,ADSCN0113.JPG
Copella,ADSCN0114.JPG
Copella,ADSCN0115.JPG
Copella,ADSCN0116.JPG
Copella,ADSCN0117.JPG
Copella,ADSCN0118.JPG
Copella,ADSCN0119.JPG
Copella,ADSCN0120.JPG
Copella,ADSCN0121.JPG
Copella,ADSCN0122.JPG
Copella,ADSCN0123.JPG
Copella,ADSCN0124.JPG
Copella,ADSCN0125.JPG
Copella,ADSCN0126.JPG
Copella,ADSCN0127.JPG
Copella,ADSCN0128.JPG
Copella,ADSCN0129.JPG
Copella,ADSCN0130.JPG
Copella,ADSCN0131.JPG
Copella,ADSCN0132.JPG
Copella,ADSCN0133.JPG
Copella,ADSCN0134.JPG
Copella,ADSCN0135.JPG
Copella,ADSCN0136.JPG
Copella,ADSCN0137.JPG
Copella,ADSCN0138.JPG
Copella,ADSCN0139.JPG
Copella,ADSCN0140.JPG
Copella,ADSCN0141.JPG
Copella,ADSCN0142.JPG
Copella,ADSCN0143.JPG
Copella,ADSCN0144.JPG
Copella,ADSCN0145.JPG
Copella,ADSCN0146.JPG
Copella,ADSCN0147.JPG
Copella,ADSCN0148.JPG
Copella,ADSCN0149.JPG
Copella,ADSCN0150.JPG
Copella,ADSCN0151.JPG
Copella,ADSCN0152.JPG
Copella,ADSCN0153.JPG
Copella,ADSCN0154.JPG
Corydoras,DSCN0080-HERM.JPG
Corydoras,DSCN0081-HERM.JPG
Corydoras,DSCN0090-HERM.JPG
Corydoras,DSCN0092-HERM.JPG
Corydoras,DSCN0232-CHA.JPG
Corydoras,DSCN0247-KNTSH.JPG
Corydoras,DSCN0294-HERM.JPG
Corydoras,DSCN0295-HERM.JPG
Corydoras,DSCN0296-HERM.JPG
Corydoras,DSCN0297-HERM.JPG
Corydoras,DSCN0298-HERM.JPG
Corydoras,DSCN0299-HERM.JPG
Corydoras,DSCN0354-PM2.JPG
Corydoras,DSCN0355-PM2.JPG
Corydoras,DSCN0356-PM2.JPG
Corydoras,DSCN0357-PM2.JPG
Corydoras,DSCN0426-PM3.JPG
Corydoras,DSCN0427-PM3.JPG
Corydoras,DSCN0429-PM3.JPG
Corydoras,DSCN0430-PM3.JPG
Corydoras,DSCN0431-PM3.JPG
Corydoras,DSCN0433-PM3.JPG
Corydoras,DSCN0434-PM3.JPG
Corydoras,DSCN0573-KNTSH.JPG
Corydoras,DSC_0023-PM3.JPG
Corydoras,DSC_0024-HER.JPG
Corydoras,DSC_0024-PM3.JPG
Corydoras,DSC_0025-HER.JPG
Corydoras,DSC_0025-PM3.JPG
Corydoras,DSC_0026-PM3.JPG
Corydoras,DSC_0027-PM3.JPG
Corydoras,DSC_0028-PM3.JPG
Corydoras,DSC_0029-PM3.JPG
Corydoras,DSC_0033-HER.JPG
Corydoras,DSC_0034-HER.JPG
Corydoras,DSC_0053-KANT.JPG
Corydoras,DSC_0078-KANT.JPG
Corydoras,DSC_0122-HER.JPG
Corydoras,DSC_0123-HER.JPG
Corydoras,DSC_0124-HER.JPG
Corydoras,DSC_0125-HER.JPG
Corydoras,DSC_0126-HER.JPG
Corydoras,DSC_0127-HER.JPG
Corydoras,DSC_0194-PM1.JPG
Corydoras,DSC_0195-PM1.JPG
Corydoras,DSC_0218-CHA.JPG
Corydoras,DSC_9281-PM2.JPG
Corydoras,DSC_9282-PM2.JPG
Corydoras,DSC_9283-PM2.JPG
Corydoras,DSC_9284-PM2.JPG
Creagrutus,DSCN0448.JPG
Creagrutus,DSCN0449.JPG
Creagrutus,DSCN0450.JPG
Creagrutus,DSCN0451.JPG
Creagrutus,DSCN0452.JPG
Creagrutus,DSCN0453.JPG
Creagrutus,DSCN0454.JPG
Creagrutus,DSCN0455.JPG
Creagrutus,DSCN0456.JPG
Creagrutus,DSCN0457.JPG
Creagrutus,DSCN0458.JPG
Creagrutus,DSCN0459.JPG
Creagrutus,DSCN0460.JPG
Creagrutus,DSCN0461.JPG
Creagrutus,DSCN0462.JPG
Creagrutus,DSCN0463.JPG
Creagrutus,DSCN0464.JPG
Creagrutus,DSCN0465.JPG
Creagrutus,DSCN0466.JPG
Creagrutus,DSCN0467.JPG
Creagrutus,DSCN0468.JPG
Creagrutus,DSCN0469.JPG
Creagrutus,DSCN0470.JPG
Creagrutus,DSCN0471.JPG
Creagrutus,DSCN0472.JPG
Creagrutus,DSCN0473.JPG
Creagrutus,DSCN0474.JPG
Creagrutus,DSCN0475.JPG
Creagrutus,DSCN0476.JPG
Creagrutus,DSCN0477.JPG
Creagrutus,DSCN0666.JPG
Creagrutus,DSCN0667.JPG
Curimata,ADSCN0218.JPG
Curimata,ADSCN0219.JPG
Curimata,ADSCN0220.JPG
Curimata,ADSCN0221.JPG
Curimata,ADSCN0222.JPG
Curimata,ADSCN0223.JPG
Curimata,ADSCN0224.JPG
Curimata,ADSCN0225.JPG
Curimata,ADSCN0226.JPG
Curimata,ADSCN0227.JPG
Curimata,ADSCN0228.JPG
Curimata,ADSCN0229.JPG
Curimata,ADSCN0230.JPG
Curimata,ADSCN0231.JPG
Curimata,ADSCN0232.JPG
Curimata,ADSCN0233.JPG
Curimata,ADSCN0234.JPG
Curimata,ADSCN0235.JPG
Curimata,ADSCN0236.JPG
Curimata,ADSCN0237.JPG
Curimata,ADSCN0238.JPG
Curimata,ADSCN0239.JPG
Curimata,ADSCN0240.JPG
Curimata,ADSCN0241.JPG
Curimata,ADSCN0242.JPG
Curimata,ADSCN0243.JPG
Curimata,ADSCN0244.JPG
Curimata,ADSCN0245.JPG
Curimata,ADSCN0246.JPG
Curimata,ADSCN0247.JPG
Curimata,ADSCN0248.JPG
Curimata,ADSCN0249.JPG
Curimata,ADSCN0250.JPG
Curimata,ADSCN0251.JPG
Curimata,ADSCN0252.JPG
Curimata,ADSCN0253.JPG
Curimata,ADSCN0254.JPG
Curimata,ADSCN0255.JPG
Curimata,ADSCN0256.JPG
Curimata,ADSCN0257.JPG
Curimata,ADSCN0258.JPG
Curimata,ADSCN0259.JPG
Curimata,ADSCN0260.JPG
Curimata,ADSCN0261.JPG
Curimata,ADSCN0262.JPG
Curimata,ADSCN0263.JPG
Curimata,ADSCN0264.JPG
Curimata,ADSCN0265.JPG
Curimata,ADSCN0266.JPG
Curimata,ADSCN0267.JPG
Curimata,ADSCN0268.JPG
Curimata,ADSCN0269.JPG
Curimata,ADSCN0270.JPG
Curimata,ADSCN0271.JPG
Curimata,ADSCN0272.JPG
Curimata,ADSCN0273.JPG
Curimata,ADSCN0274.JPG
Curimata,ADSCN0275.JPG
Curimata,ADSCN0276.JPG
Curimata,ADSCN0277.JPG
Curimata,ADSCN0278.JPG
Curimata,ADSCN0279.JPG
Curimata,ADSCN0280.JPG
Curimata,ADSCN0281.JPG
Curimata,ADSCN0282.JPG
Curimata,ADSCN0283.JPG
Curimata,ADSCN0284.JPG
Curimata,ADSCN0285.JPG
Curimata,ADSCN0286.JPG
Curimata,ADSCN0287.JPG
Curimata,ADSCN0288.JPG
Curimata,ADSCN0289.JPG
Curimata,ADSCN0290.JPG
Curimata,ADSCN0291.JPG
Curimata,ADSCN0292.JPG
Doras,DSCN0464.JPG
Doras,DSCN0465.JPG
Doras,DSCN0466.JPG
Doras,DSCN0467.JPG
Doras,DSCN0468.JPG
Doras,DSCN0469.JPG
Doras,DSCN0470.JPG
Doras,DSCN0471.JPG
Doras,DSCN0472.JPG
Doras,DSCN0473.JPG
Doras,DSCN0474.JPG
Doras,DSCN0475.JPG
Doras,DSCN0476.JPG
Doras,DSCN0477.JPG
Doras,DSCN0478.JPG
Doras,DSCN0479.JPG
Doras,DSCN0480.JPG
Doras,DSCN0481.JPG
Doras,DSCN0482.JPG
Doras,DSCN0483.JPG
Doras,DSCN0484.JPG
Doras,DSCN0485.JPG
Doras,DSCN0486.JPG
Doras,DSCN0487.JPG
Doras,DSCN0488.JPG
Doras,DSCN0489.JPG
Doras,DSCN0490.JPG
Doras,DSCN0491.JPG
Doras,DSCN0492.JPG
Doras,DSCN0493.JPG
Doras,DSCN0494.JPG
Doras,DSCN0495.JPG
Doras,DSCN0496.JPG
Doras,DSCN0497.JPG
Doras,DSCN0498.JPG
Doras,DSCN0499.JPG
Doras,DSCN0500.JPG
Doras,DSCN0501.JPG
Doras,DSCN0502.JPG
Doras,DSCN0503.JPG
Doras,DSCN0504.JPG
Doras,DSCN0505.JPG
Doras,DSCN0506.JPG
Doras,DSCN0507.JPG
Doras,DSCN0508.JPG
Doras,DSCN0509.JPG
Doras,DSCN0510.JPG
Doras,DSCN0511.JPG
Doras,DSCN0512.JPG
Doras,DSCN0513.JPG
Doras,DSCN0514.JPG
Doras,DSCN0515.JPG
Doras,DSCN0516.JPG
Doras,DSCN0517.JPG
Doras,DSCN0518.JPG
Doras,DSCN0519.JPG
Doras,DSCN0520.JPG
Doras,DSCN0521.JPG
Doras,DSCN0522.JPG
Doras,DSCN0523.JPG
Doras,DSCN0524.JPG
Doras,DSCN0525.JPG
Doras,DSCN0526.JPG
Doras,DSCN0527.JPG
Doras,DSCN0528.JPG
Doras,DSCN0529.JPG
Doras,DSCN0530.JPG
Doras,DSCN0531.JPG
Doras,DSCN0532.JPG
Doras,DSCN0533.JPG
Doras,DSCN0534.JPG
Doras,DSCN0535.JPG
Doras,DSCN0536.JPG
Doras,DSCN0537.JPG
Doras,DSCN0538.JPG
Doras,DSCN0539.JPG
Doras,DSCN0540.JPG
Doras,DSCN0541.JPG
Doras,DSCN0542.JPG
Doras,DSCN0543.JPG
Doras,DSCN0544.JPG
Doras,DSCN0545.JPG
Doras,DSCN0546.JPG
Doras,DSCN0547.JPG
Doras,DSCN0548.JPG
Doras,DSCN0549.JPG
Doras,DSCN0550.JPG
Doras,DSCN0552.JPG
Doras,DSCN0553.JPG
Doras,DSCN0554.JPG
Doras,DSCN0555.JPG
Erythrinus,ADSCN0155.JPG
Erythrinus,ADSCN0156.JPG
Erythrinus,ADSCN0157.JPG
Erythrinus,ADSCN0158.JPG
Erythrinus,ADSCN0159.JPG
Erythrinus,ADSCN0160.JPG
Erythrinus,ADSCN0161.JPG
Erythrinus,ADSCN0162.JPG
Erythrinus,ADSCN0163.JPG
Erythrinus,ADSCN0164.JPG
Erythrinus,ADSCN0165.JPG
Erythrinus,ADSCN0166.JPG
Erythrinus,ADSCN0295.JPG
Erythrinus,ADSCN0296.JPG
Erythrinus,ADSCN0297.JPG
Erythrinus,ADSCN0298.JPG
Erythrinus,ADSCN0299.JPG
Erythrinus,ADSCN0300.JPG
Erythrinus,ADSCN0301.JPG
Erythrinus,ADSCN0302.JPG
Erythrinus,ADSCN0303.JPG
Erythrinus,ADSCN0304.JPG
Erythrinus,ADSCN0305.JPG
Erythrinus,ADSCN0306.JPG
Erythrinus,ADSCN0307.JPG
Erythrinus,ADSCN0309.JPG
Erythrinus,ADSCN0310.JPG
Erythrinus,ADSCN0311.JPG
Erythrinus,ADSCN0312.JPG
Erythrinus,ADSCN0313.JPG
Erythrinus,ADSCN0314.JPG
Erythrinus,ADSCN0315.JPG
Erythrinus,DSCN0173-CHA.JPG
Erythrinus,DSCN0174-CHA.JPG
Erythrinus,DSCN0175-CHA.JPG
Erythrinus,DSCN0176-CHA.JPG
Erythrinus,DSCN0345-HERM.JPG
Erythrinus,DSCN0574-KNTSH.JPG
Erythrinus,DSC_0079-KANT.JPG
Erythrinus,DSC_0107-KANT.JPG
Erythrinus,DSC_0169-HER.JPG
Erythrinus,DSC_0172-CHA.JPG
Gymnotus,DSCN0277.JPG
Gymnotus,DSCN0278.JPG
Gymnotus,DSCN0279.JPG
Gymnotus,DSCN0280.JPG
Gymnotus,DSCN0281.JPG
Gymnotus,DSCN0282.JPG
Gymnotus,DSCN0283.JPG
Gymnotus,DSCN0284.JPG
Gymnotus,DSCN0285.JPG
Gymnotus,DSCN0286.JPG
Gymnotus,DSCN0287.JPG
Gymnotus,DSCN0288.JPG
Gymnotus,DSCN0289.JPG
Gymnotus,DSCN0290.JPG
Gymnotus,DSCN0291.JPG
Gymnotus,DSCN0292.JPG
Gymnotus,DSCN0293.JPG
Gymnotus,DSCN0294.JPG
Gymnotus,DSCN0295.JPG
Gymnotus,DSCN0296.JPG
Gymnotus,DSCN0297.JPG
Gymnotus,DSCN0298.JPG
Gymnotus,DSCN0299.JPG
Gymnotus,DSCN0300.JPG
Hemigrammus,DSCN0102-HERM.JPG
Hemigrammus,DSCN0218-CHA.JPG
Hemigrammus,DSCN0235-KNTSH.JPG
Hemigrammus,DSCN0384-TI.JPG
Hemigrammus,DSCN0385-TI.JPG
Hemigrammus,DSCN0388-TI.JPG
Hemigrammus,DSCN0390-TI.JPG
Hemigrammus,DSCN0391-TI.JPG
Hemigrammus,DSCN0394-TI.JPG
Hemigrammus,DSCN0420.JPG
Hemigrammus,DSCN0421.JPG
Hemigrammus,DSCN0422.JPG
Hemigrammus,DSCN0423.JPG
Hemigrammus,DSCN0424.JPG
Hemigrammus,DSCN0425.JPG
Hemigrammus,DSCN0426.JPG
Hemigrammus,DSCN0427.JPG
Hemigrammus,DSCN0428.JPG
Hemigrammus,DSCN0429.JPG
Hemigrammus,DSCN0430.JPG
Hemigrammus,DSCN0431.JPG
Hemigrammus,DSCN0432.JPG
Hemigrammus,DSCN0433.JPG
Hemigrammus,DSCN0434.JPG
Hemigrammus,DSCN0435.JPG
Hemigrammus,DSCN0436.JPG
Hemigrammus,DSCN0437.JPG
Hemigrammus,DSCN0438.JPG
Hemigrammus,DSCN0439.JPG
Hemigrammus,DSCN0440.JPG
Hemigrammus,DSCN0441.JPG
Hemigrammus,DSCN0442.JPG
Hemigrammus,DSCN0443.JPG
Hemigrammus,DSCN0444.JPG
Hemigrammus,DSCN0445.JPG
Hemigrammus,DSCN0446.JPG
Hemigrammus,DSCN0447.JPG
Hemigrammus,DSCN0558-KNTSH.JPG
Hemigrammus,DSCN0559-KNTSH.JPG
Hemigrammus,DSCN0636.JPG
Hemigrammus,DSCN0637.JPG
Hemigrammus,DSCN0638.JPG
Hemigrammus,DSCN0639.JPG
Hemigrammus,DSCN0640.JPG
Hemigrammus,DSCN0641.JPG
Hemigrammus,DSCN0642.JPG
Hemigrammus,DSCN0643.JPG
Hemigrammus,DSCN0644.JPG
Hemigrammus,DSCN0645.JPG
Hemigrammus,DSCN0646.JPG
Hemigrammus,DSCN0647.JPG
Hemigrammus,DSCN0648.JPG
Hemigrammus,DSCN0649.JPG
Hemigrammus,DSCN0650.JPG
Hemigrammus,DSCN0651.JPG
Hemigrammus,DSCN0652.JPG
Hemigrammus,DSCN0653.JPG
Hemigrammus,DSCN0654.JPG
Hemigrammus,DSCN0655.JPG
Hemigrammus,DSCN0656.JPG
Hemigrammus,DSCN0657.JPG
Hemigrammus,DSCN0658.JPG
Hemigrammus,DSCN0659.JPG
Hemigrammus,DSCN0660.JPG
Hemigrammus,DSCN0661.JPG
Hemigrammus,DSCN0662.JPG
Hemigrammus,DSCN0663.JPG
Hemigrammus,DSCN0664.JPG
Hemigrammus,DSCN0665.JPG
Hemigrammus,DSCN0685.JPG
Hemigrammus,DSCN0686.JPG
Hemigrammus,DSCN0687.JPG
Hemigrammus,DSCN0688.JPG
Hemigrammus,DSCN0689.JPG
Hemigrammus,DSCN0690.JPG
Hemigrammus,DSCN0691.JPG
Hemigrammus,DSCN0692.JPG
Hemigrammus,DSCN0693.JPG
Hemigrammus,DSCN0694.JPG
Hemigrammus,DSCN0695.JPG
Hemigrammus,DSCN0696.JPG
Hemigrammus,DSCN0697.JPG
Hemigrammus,DSCN0698.JPG
Hemigrammus,DSCN0699.JPG
Hemigrammus,DSCN0700.JPG
Hemigrammus,DSCN0701.JPG
Hemigrammus,DSCN0702.JPG
Hemigrammus,DSCN0703.JPG
Hemigrammus,DSCN0704.JPG
Hemigrammus,DSCN0705.JPG
Hemigrammus,DSCN0706.JPG
Hemigrammus,DSCN0707.JPG
Hemigrammus,DSCN0708.JPG
Hemigrammus,DSCN0709.JPG
Hemigrammus,DSCN0710.JPG
Hemigrammus,DSCN0711.JPG
Hemigrammus,DSCN0714.JPG
Hemigrammus,DSCN0715.JPG
Hemigrammus,DSCN0716.JPG
Hemigrammus,DSCN0717.JPG
Hemigrammus,DSCN0718.JPG
Hemigrammus,DSCN0719.JPG
Hemigrammus,DSCN0720.JPG
Hemigrammus,DSCN0721.JPG
Hemigrammus,DSCN0722.JPG
Hemigrammus,DSCN0723.JPG
Hemigrammus,DSCN0724.JPG
Hemigrammus,DSCN0725.JPG
Hemigrammus,DSCN0726.JPG
Hemigrammus,DSCN0727.JPG
Hemigrammus,DSCN0728.JPG
Hemigrammus,DSCN0729.JPG
Hemigrammus,DSCN0730.JPG
Hemigrammus,DSCN0731.JPG
Hemigrammus,DSCN0732.JPG
Hemigrammus,DSCN0733.JPG
Hemigrammus,DSCN0734.JPG
Hemigrammus,DSCN0735.JPG
Hemigrammus,DSC_0041-KANT.JPG
Hemigrammus,DSC_0043-HER.JPG
Hemigrammus,DSC_0045-TI.JPG
Hemigrammus,DSC_0046-TI.JPG
Hemigrammus,DSC_0049-TI.JPG
Hemigrammus,DSC_0051-TI.JPG
Hemigrammus,DSC_0052-TI.JPG
Hemigrammus,DSC_0055-TI.JPG
Hemigrammus,DSC_0065-KANT.JPG
Hemigrammus,DSC_0066-KANT.JPG
Hemigrammus,DSC_0071-KANT.JPG
Hemigrammus,DSC_0138-KANT.JPG
Hemigrammus,DSC_0139-KANT.JPG
Hemigrammus,DSC_0140-KANT.JPG
Hemigrammus,DSC_0141-KANT.JPG
Hemigrammus,DSC_0142-KANT.JPG
Hemigrammus,DSC_0143-KANT.JPG
Hemigrammus,DSC_0144-KANT.JPG
Hemigrammus,DSC_0145-KANT.JPG
Hemigrammus,DSC_0202-CHA.JPG
Hemigrammus,DSC_0262-KANT.JPG
Hemigrammus,DSC_0263-KANT.JPG
Hemigrammus,DSC_0647.JPG
Hyphessobrycon,DSCN0058-HERM.JPG
Hyphessobrycon,DSCN0094-HERM.JPG
Hyphessobrycon,DSCN0095-HERM.JPG
Hyphessobrycon,DSCN0096-HERM.JPG
Hyphessobrycon,DSCN0097-HERM.JPG
Hyphessobrycon,DSCN0098-HERM.JPG
Hyphessobrycon,DSCN0099-HERM.JPG
Hyphessobrycon,DSCN0100-HERM.JPG
Hyphessobrycon,DSCN0103-HERM.JPG
Hyphessobrycon,DSCN0104-HERM.JPG
Hyphessobrycon,DSCN0105-HERM.JPG
Hyphessobrycon,DSCN0109-HERM.JPG
Hyphessobrycon,DSCN0110-HERM.JPG
Hyphessobrycon,DSCN0111-HERM.JPG
Hyphessobrycon,DSCN0112-HERM.JPG
Hyphessobrycon,DSCN0153-CHA.JPG
Hyphessobrycon,DSCN0154-CHA.JPG
Hyphessobrycon,DSCN0155-CHA.JPG
Hyphessobrycon,DSCN0156-CHA.JPG
Hyphessobrycon,DSCN0250-HERM.JPG
Hyphessobrycon,DSCN0251-HERM.JPG
Hyphessobrycon,DSCN0255-HERM.JPG
Hyphessobrycon,DSCN0256-HERM.JPG
Hyphessobrycon,DSCN0257-HERM.JPG
Hyphessobrycon,DSCN0259-HERM.JPG
Hyphessobrycon,DSCN0260-HERM.JPG
Hyphessobrycon,DSCN0263-HERM.JPG
Hyphessobrycon,DSCN0383-TI.JPG
Hyphessobrycon,DSC_0004-HER.JPG
Hyphessobrycon,DSC_0006-KANT.JPG
Hyphessobrycon,DSC_0007-KANT.JPG
Hyphessobrycon,DSC_0008-KANT.JPG
Hyphessobrycon,DSC_0009-KANT.JPG
Hyphessobrycon,DSC_0010-KANT.JPG
Hyphessobrycon,DSC_0011-KANT.JPG
Hyphessobrycon,DSC_0012-KANT.JPG
Hyphessobrycon,DSC_0013-KANT.JPG
Hyphessobrycon,DSC_0014-HER.JPG
Hyphessobrycon,DSC_0014-KANT.JPG
Hyphessobrycon,DSC_0015-KANT.JPG
Hyphessobrycon,DSC_0031-KANT.JPG
Hyphessobrycon,DSC_0036-HER.JPG
Hyphessobrycon,DSC_0037-HER.JPG
Hyphessobrycon,DSC_0037-KANT.JPG
Hyphessobrycon,DSC_0038-HER.JPG
Hyphessobrycon,DSC_0039-HER.JPG
Hyphessobrycon,DSC_0040-HER.JPG
Hyphessobrycon,DSC_0041-HER.JPG
Hyphessobrycon,DSC_0042-HER.JPG
Hyphessobrycon,DSC_0044-HER.JPG
Hyphessobrycon,DSC_0044-TI.JPG
Hyphessobrycon,DSC_0045-HER.JPG
Hyphessobrycon,DSC_0046-HER.JPG
Hyphessobrycon,DSC_0048-HER.JPG
Hyphessobrycon,DSC_0049-HER.JPG
Hyphessobrycon,DSC_0050-HER.JPG
Hyphessobrycon,DSC_0051-HER.JPG
Hyphessobrycon,DSC_0072-KANT.JPG
Hyphessobrycon,DSC_0082-HER.JPG
Hyphessobrycon,DSC_0083-HER.JPG
Hyphessobrycon,DSC_0084-KANT.JPG
Hyphessobrycon,DSC_0087-HER.JPG
Hyphessobrycon,DSC_0088-HER.JPG
Hyphessobrycon,DSC_0089-HER.JPG
Hyphessobrycon,DSC_0090-HER.JPG
Hyphessobrycon,DSC_0091-HER.JPG
Hyphessobrycon,DSC_0094-HER.JPG
Hyphessobrycon,DSC_0146-KANT.JPG
Hyphessobrycon,DSC_0162-CHA.JPG
Hyphessobrycon,DSC_0662.JPG
Moenkhausia,DSCN0054-HERM.JPG
Moenkhausia,DSCN0059-HERM.JPG
Moenkhausia,DSCN0140-1.JPG
Moenkhausia,DSCN0141-1.JPG
Moenkhausia,DSCN0142-1.JPG
Moenkhausia,DSCN0143-1.JPG
Moenkhausia,DSCN0144-1.JPG
Moenkhausia,DSCN0145-1.JPG
Moenkhausia,DSCN0146-1.JPG
Moenkhausia,DSCN0147-1.JPG
Moenkhausia,DSCN0148-1.JPG
Moenkhausia,DSCN0149-1.JPG
Moenkhausia,DSCN0150-1.JPG
Moenkhausia,DSCN0151-1.JPG
Moenkhausia,DSCN0152-1.JPG
Moenkhausia,DSCN0153-1.JPG
Moenkhausia,DSCN0179-CHA.JPG
Moenkhausia,DSCN0180-CHA.JPG
Moenkhausia,DSCN0181-CHA.JPG
Moenkhausia,DSCN0182-CHA.JPG
Moenkhausia,DSCN0210-CHA.JPG
Moenkhausia,DSCN0211-CHA.JPG
Moenkhausia,DSCN0230-CHA.JPG
Moenkhausia,DSCN0231-CHA.JPG
Moenkhausia,DSCN0237-KNTSH.JPG
Moenkhausia,DSCN0239-KNTSH.JPG
Moenkhausia,DSCN0240-KNTSH.JPG
Moenkhausia,DSCN0241-KNTSH.JPG
Moenkhausia,DSCN0247-HERM.JPG
Moenkhausia,DSCN0266-HERM.JPG
Moenkhausia,DSCN0319-PM2.JPG
Moenkhausia,DSCN0320-HERM.JPG
Moenkhausia,DSCN0321-HERM.JPG
Moenkhausia,DSCN0321-PM2.JPG
Moenkhausia,DSCN0322-HERM.JPG
Moenkhausia,DSCN0324-PM2.JPG
Moenkhausia,DSCN0328-PM2.JPG
Moenkhausia,DSCN0334-PM2.JPG
Moenkhausia,DSCN0336-HERM.JPG
Moenkhausia,DSCN0338-HERM.JPG
Moenkhausia,DSCN0343-HERM.JPG
Moenkhausia,DSCN0402-PM1.JPG
Moenkhausia,DSCN0483-PM1.JPG
Moenkhausia,DSCN0547-KNTSH.JPG
Moenkhausia,DSCN0549-KNTSH.JPG
Moenkhausia,DSCN0566-KNTSH.JPG
Moenkhausia,DSCN0570-KNTSH.JPG
Moenkhausia,DSCN0572-KNTSH.JPG
Moenkhausia,DSC_0002-HER.JPG
Moenkhausia,DSC_0005-HER.JPG
Moenkhausia,DSC_0010-HER.JPG
Moenkhausia,DSC_0011-HER.JPG
Moenkhausia,DSC_0012-HER.JPG
Moenkhausia,DSC_0013-HER.JPG
Moenkhausia,DSC_0028-KANT.JPG
Moenkhausia,DSC_0043-KANT.JPG
Moenkhausia,DSC_0044-KANT.JPG
Moenkhausia,DSC_0045-KANT.JPG
Moenkhausia,DSC_0046-KANT.JPG
Moenkhausia,DSC_0058-KANT.JPG
Moenkhausia,DSC_0059-KANT.JPG
Moenkhausia,DSC_0060-KANT.JPG
Moenkhausia,DSC_0063-KANT.JPG
Moenkhausia,DSC_0073-PM1.JPG
Moenkhausia,DSC_0077-KANT.JPG
Moenkhausia,DSC_0079-HER.JPG
Moenkhausia,DSC_0097-HER.JPG
Moenkhausia,DSC_0115-KANT.JPG
Moenkhausia,DSC_0134-KANT.JPG
Moenkhausia,DSC_0146-HER.JPG
Moenkhausia,DSC_0147-HER.JPG
Moenkhausia,DSC_0148-HER.JPG
Moenkhausia,DSC_0162-HER.JPG
Moenkhausia,DSC_0164-HER.JPG
Moenkhausia,DSC_0165-PM1.JPG
Moenkhausia,DSC_0167-HER.JPG
Moenkhausia,DSC_0175-CHA.JPG
Moenkhausia,DSC_0183-PM2.JPG
Moenkhausia,DSC_0185-PM2.JPG
Moenkhausia,DSC_0187-PM2.JPG
Moenkhausia,DSC_0191-PM2.JPG
Moenkhausia,DSC_0192-CHA.JPG
Moenkhausia,DSC_0193-CHA.JPG
Moenkhausia,DSC_0197-PM2.JPG
Moenkhausia,DSC_0216-CHA.JPG
Moenkhausia,DSC_0217-CHA.JPG
Moenkhausia,DSC_0251-KANT.JPG
Moenkhausia,DSC_0252-KANT.JPG
Moenkhausia,DSC_0257-KANT.JPG
Moenkhausia,DSC_0966.JPG
Otocinclus,DSCN0358-PM2.JPG
Otocinclus,DSCN0359-PM2.JPG
Otocinclus,DSCN0360-PM2.JPG
Otocinclus,DSCN0361-PM2.JPG
Otocinclus,DSCN0392-TI.JPG
Otocinclus,DSCN0393-TI.JPG
Otocinclus,DSCN0395-TI.JPG
Otocinclus,DSCN0396-TI.JPG
Otocinclus,DSCN0451-PM1.JPG
Otocinclus,DSCN0452-PM1.JPG
Otocinclus,DSCN0452-PM3.JPG
Otocinclus,DSCN0453-PM1.JPG
Otocinclus,DSCN0454-PM1.JPG
Otocinclus,DSCN0454-PM3.JPG
Otocinclus,DSCN0455-PM1.JPG
Otocinclus,DSCN0455-PM3.JPG
Otocinclus,DSCN0456-PM3.JPG
Otocinclus,DSCN0457-PM3.JPG
Otocinclus,DSCN0458-PM3.JPG
Otocinclus,DSCN0464-PM1.JPG
Otocinclus,DSCN0465-PM1.JPG
Otocinclus,DSCN0469-PM1.JPG
Otocinclus,DSCN0470-PM1.JPG
Otocinclus,DSCN0485-PM1.JPG
Otocinclus,DSCN0490-PM1.JPG
Otocinclus,DSCN0491-PM1.JPG
Otocinclus,DSCN0492-PM1.JPG
Otocinclus,DSCN0493-PM1.JPG
Otocinclus,DSCN0496-PM1.JPG
Otocinclus,DSCN0499-PM1.JPG
Otocinclus,DSC_0044-PM3.JPG
Otocinclus,DSC_0045-PM3.JPG
Otocinclus,DSC_0046-PM3.JPG
Otocinclus,DSC_0047-PM3.JPG
Otocinclus,DSC_0048-PM3.JPG
Otocinclus,DSC_0049-PM3.JPG
Otocinclus,DSC_0053-TI.JPG
Otocinclus,DSC_0054-TI.JPG
Otocinclus,DSC_0056-TI.JPG
Otocinclus,DSC_0057-TI.JPG
Otocinclus,DSC_0114-PM1.JPG
Otocinclus,DSC_0115-PM1.JPG
Otocinclus,DSC_0116-PM1.JPG
Otocinclus,DSC_0117-PM1.JPG
Otocinclus,DSC_0118-PM1.JPG
Otocinclus,DSC_0130-PM1.JPG
Otocinclus,DSC_0131-PM1.JPG
Otocinclus,DSC_0134-PM1.JPG
Otocinclus,DSC_0135-PM1.JPG
Otocinclus,DSC_0166-PM1.JPG
Otocinclus,DSC_0167-PM1.JPG
Otocinclus,DSC_0172-PM1.JPG
Otocinclus,DSC_0173-PM1.JPG
Otocinclus,DSC_0174-PM1.JPG
Otocinclus,DSC_0175-PM1.JPG
Otocinclus,DSC_0178-PM1.JPG
Otocinclus,DSC_0179-PM1.JPG
Otocinclus,DSC_0180-PM1.JPG
Otocinclus,DSC_0181-PM1.JPG
Otocinclus,DSC_0182-PM1.JPG
Otocinclus,DSC_0183-PM1.JPG
Otocinclus,DSC_0237-PM1.JPG
Otocinclus,DSC_0238-PM1.JPG
Otocinclus,DSC_0280-MAP1.JPG
Otocinclus,DSC_0284-MAP1.JPG
Otocinclus,DSC_9285-PM2.JPG
Otocinclus,DSC_9286-PM2.JPG
Otocinclus,DSC_9287-PM2.JPG
Otocinclus,DSC_9288-PM2.JPG
Oxyropsis,DSCN0352-PM2.JPG
Oxyropsis,DSCN0353-PM2.JPG
Oxyropsis,DSCN0459-PM1.JPG
Oxyropsis,DSCN0460-PM1.JPG
Oxyropsis,DSCN0467-PM1.JPG
Oxyropsis,DSCN0468-PM1.JPG
Oxyropsis,DSCN0486-PM1.JPG
Oxyropsis,DSCN0487-PM1.JPG
Oxyropsis,DSCN0488-PM1.JPG
Oxyropsis,DSCN0489-PM1.JPG
Oxyropsis,DSCN0494-PM1.JPG
Oxyropsis,DSCN0495-PM1.JPG
Oxyropsis,DSC_0122-PM1.JPG
Oxyropsis,DSC_0123-PM1.JPG
Oxyropsis,DSC_0132-PM1.JPG
Oxyropsis,DSC_0133-PM1.JPG
Oxyropsis,DSC_0168-PM1.JPG
Oxyropsis,DSC_0169-PM1.JPG
Oxyropsis,DSC_0170-PM1.JPG
Oxyropsis,DSC_0171-PM1.JPG
Oxyropsis,DSC_0176-PM1.JPG
Oxyropsis,DSC_0177-PM1.JPG
Oxyropsis,DSC_9277-PM2.JPG
Oxyropsis,DSC_9279-PM2.JPG
Phenacogaster,DSCN0093-HERM.JPG
Phenacogaster,DSCN0107-HERM.JPG
Phenacogaster,DSCN0248-HERM.JPG
Phenacogaster,DSCN0249-HERM.JPG
Phenacogaster,DSCN0252-HERM.JPG
Phenacogaster,DSCN0253-HERM.JPG
Phenacogaster,DSCN0254-HERM.JPG
Phenacogaster,DSCN0261-HERM.JPG
Phenacogaster,DSCN0262-HERM.JPG
Phenacogaster,DSCN0264-HERM.JPG
Phenacogaster,DSCN0265-HERM.JPG
Phenacogaster,DSCN0471-PM1.JPG
Phenacogaster,DSCN0472-PM1.JPG
Phenacogaster,DSCN0480-PM1.JPG
Phenacogaster,DSCN0481-PM1.JPG
Phenacogaster,DSCN0482-PM1.JPG
Phenacogaster,DSC_0035-HER.JPG
Phenacogaster,DSC_0047-HER.JPG
Phenacogaster,DSC_0080-HER.JPG
Phenacogaster,DSC_0081-HER.JPG
Phenacogaster,DSC_0084-HER.JPG
Phenacogaster,DSC_0085-HER.JPG
Phenacogaster,DSC_0086-HER.JPG
Phenacogaster,DSC_0092-HER.JPG
Phenacogaster,DSC_0093-HER.JPG
Phenacogaster,DSC_0095-HER.JPG
Phenacogaster,DSC_0096-HER.JPG
Phenacogaster,DSC_0136-PM1.JPG
Phenacogaster,DSC_0137-PM1.JPG
Phenacogaster,DSC_0162-PM1.JPG
Phenacogaster,DSC_0163-PM1.JPG
Phenacogaster,DSC_0164-PM1.JPG
Pimelodella,DSCN0307-HERM.JPG
Pimelodella,DSCN0310-HERM.JPG
Pimelodella,DSCN0311-HERM.JPG
Pimelodella,DSCN0312-HERM.JPG
Pimelodella,DSCN0313-HERM.JPG
Pimelodella,DSCN0331-PM2.JPG
Pimelodella,DSCN0332-PM2.JPG
Pimelodella,DSCN0333-PM2.JPG
Pimelodella,DSCN0347-HERM.JPG
Pimelodella,DSCN0349-PM2.JPG
Pimelodella,DSCN0350-PM2.JPG
Pimelodella,DSCN0359-HERM.JPG
Pimelodella,DSCN0360-HERM.JPG
Pimelodella,DSCN0443-PM3.JPG
Pimelodella,DSCN0444-PM3.JPG
Pimelodella,DSCN0445-PM3.JPG
Pimelodella,DSCN0446-PM3.JPG
Pimelodella,DSCN0447-PM1.JPG
Pimelodella,DSCN0448-PM1.JPG
Pimelodella,DSCN0448-PM3.JPG
Pimelodella,DSCN0529-PM1.JPG
Pimelodella,DSC_0037-PM3.JPG
Pimelodella,DSC_0038-PM3.JPG
Pimelodella,DSC_0039-PM3.JPG
Pimelodella,DSC_0040-PM3.JPG
Pimelodella,DSC_0041-PM3.JPG
Pimelodella,DSC_0110-PM1.JPG
Pimelodella,DSC_0111-PM1.JPG
Pimelodella,DSC_0134-HER.JPG
Pimelodella,DSC_0137-HER.JPG
Pimelodella,DSC_0138-HER.JPG
Pimelodella,DSC_0139-HER.JPG
Pimelodella,DSC_0140-HER.JPG
Pimelodella,DSC_0171-HER.JPG
Pimelodella,DSC_0182-HER.JPG
Pimelodella,DSC_0183-HER.JPG
Pimelodella,DSC_0194-PM2.JPG
Pimelodella,DSC_0195-PM2.JPG
Pimelodella,DSC_0196-PM2.JPG
Pimelodella,DSC_0229-PM1.JPG
Pimelodella,DSC_0230-PM1.JPG
Pimelodella,DSC_0231-PM1.JPG
Pimelodella,DSC_0232-PM1.JPG
Pimelodella,DSC_9274-PM2.JPG
Pimelodella,DSC_9275-PM2.JPG
Prochilodus,ADSCN0317.JPG
Prochilodus,ADSCN0318.JPG
Prochilodus,ADSCN0319.JPG
Prochilodus,ADSCN0320.JPG
Prochilodus,ADSCN0321.JPG
Prochilodus,ADSCN0322.JPG
Prochilodus,ADSCN0323.JPG
Prochilodus,ADSCN0324.JPG
Prochilodus,ADSCN0325.JPG
Prochilodus,ADSCN0326.JPG
Prochilodus,ADSCN0327.JPG
Prochilodus,ADSCN0328.JPG
Prochilodus,ADSCN0329.JPG
Prochilodus,ADSCN0330.JPG
Prochilodus,ADSCN0331.JPG
Prochilodus,ADSCN0332.JPG
Prochilodus,ADSCN0333.JPG
Prochilodus,ADSCN0334.JPG
Prochilodus,ADSCN0335.JPG
Prochilodus,ADSCN0336.JPG
Prochilodus,ADSCN0337.JPG
Prochilodus,ADSCN0338.JPG
Prochilodus,ADSCN0339.JPG
Prochilodus,ADSCN0340.JPG
Prochilodus,ADSCN0341.JPG
Prochilodus,ADSCN0342.JPG
Prochilodus,ADSCN0343.JPG
Prochilodus,ADSCN0344.JPG
Prochilodus,ADSCN0345.JPG
Prochilodus,ADSCN0346.JPG
Prochilodus,ADSCN0347.JPG
Prochilodus,ADSCN0348.JPG
Prochilodus,ADSCN0349.JPG
Prochilodus,ADSCN0350.JPG
Prochilodus,ADSCN0351.JPG
Prochilodus,ADSCN0352.JPG
Prochilodus,ADSCN0353.JPG
Prochilodus,ADSCN0354.JPG
Prochilodus,ADSCN0355.JPG
Prochilodus,ADSCN0356.JPG
Prochilodus,ADSCN0357.JPG
Prochilodus,ADSCN0358.JPG
Prochilodus,ADSCN0359.JPG
Prochilodus,ADSCN0360.JPG
Prochilodus,ADSCN0361.JPG
Prochilodus,ADSCN0362.JPG
Prochilodus,ADSCN0363.JPG
Prochilodus,ADSCN0364.JPG
Prochilodus,ADSCN0365.JPG
Prochilodus,ADSCN0366.JPG
Prochilodus,ADSCN0367.JPG
Prochilodus,ADSCN0368.JPG
Prochilodus,ADSCN0369.JPG
Prochilodus,ADSCN0370.JPG
Prochilodus,ADSCN0371.JPG
Prochilodus,ADSCN0372.JPG
Prochilodus,ADSCN0373.JPG
Prochilodus,ADSCN0374.JPG
Prochilodus,ADSCN0375.JPG
Prochilodus,ADSCN0376.JPG
Prochilodus,DSC_0001-TRAMPCV2.JPG
Pygocentrus,ADSCN0168.JPG
Pygocentrus,ADSCN0169.JPG
Pygocentrus,ADSCN0170.JPG
Pygocentrus,ADSCN0171.JPG
Pygocentrus,ADSCN0172.JPG
Pygocentrus,ADSCN0173.JPG
Pygocentrus,ADSCN0174.JPG
Pygocentrus,ADSCN0175.JPG
Pygocentrus,ADSCN0176.JPG
Pygocentrus,ADSCN0177.JPG
Pygocentrus,ADSCN0178.JPG
Pygocentrus,ADSCN0179.JPG
Pygocentrus,ADSCN0180.JPG
Pygocentrus,ADSCN0181.JPG
Pygocentrus,ADSCN0182.JPG
Pygocentrus,ADSCN0183.JPG
Pygocentrus,ADSCN0184.JPG
Pygocentrus,ADSCN0185.JPG
Pygocentrus,ADSCN0186.JPG
Pygocentrus,ADSCN0187.JPG
Pygocentrus,ADSCN0188.JPG
Pygocentrus,ADSCN0189.JPG
Pygocentrus,ADSCN0191.JPG
Pygocentrus,ADSCN0192.JPG
Pygocentrus,ADSCN0193.JPG
Pygocentrus,ADSCN0194.JPG
Pygocentrus,ADSCN0195.JPG
Pygocentrus,ADSCN0196.JPG
Pygocentrus,ADSCN0197.JPG
Pygocentrus,ADSCN0198.JPG
Pygocentrus,ADSCN0199.JPG
Pygocentrus,ADSCN0200.JPG
Pygocentrus,ADSCN0201.JPG
Pygocentrus,ADSCN0202.JPG
Pygocentrus,ADSCN0203.JPG
Pygocentrus,ADSCN0204.JPG
Pygocentrus,ADSCN0205.JPG
Pygocentrus,ADSCN0206.JPG
Pygocentrus,ADSCN0207.JPG
Pygocentrus,ADSCN0208.JPG
Pygocentrus,ADSCN0209.JPG
Pygocentrus,ADSCN0210.JPG
Pygocentrus,ADSCN0211.JPG
Pygocentrus,ADSCN0212.JPG
Pygocentrus,ADSCN0213.JPG
Pygocentrus,ADSCN0214.JPG
Pygocentrus,ADSCN0215.JPG
Pygocentrus,ADSCN0216.JPG
Pyrrhulina,DSCN0131-CHA.JPG
Pyrrhulina,DSCN0132-CHA.JPG
Pyrrhulina,DSCN0133-CHA.JPG
Pyrrhulina,DSCN0134-CHA.JPG
Pyrrhulina,DSCN0135-CHA.JPG
Pyrrhulina,DSCN0136-CHA.JPG
Pyrrhulina,DSCN0137-CHA.JPG
Pyrrhulina,DSCN0138-CHA.JPG
Pyrrhulina,DSCN0139-CHA.JPG
Pyrrhulina,DSCN0148-CHA.JPG
Pyrrhulina,DSCN0149-CHA.JPG
Pyrrhulina,DSCN0150-CHA.JPG
Pyrrhulina,DSCN0151-CHA.JPG
Pyrrhulina,DSCN0152-CHA.JPG
Pyrrhulina,DSCN0157-CHA.JPG
Pyrrhulina,DSCN0158-CHA.JPG
Pyrrhulina,DSCN0159-CHA.JPG
Pyrrhulina,DSCN0164-CHA.JPG
Pyrrhulina,DSCN0165-CHA.JPG
Pyrrhulina,DSCN0166-CHA.JPG
Pyrrhulina,DSCN0167-CHA.JPG
Pyrrhulina,DSCN0168-CHA.JPG
Pyrrhulina,DSCN0169-CHA.JPG
Pyrrhulina,DSCN0177-CHA.JPG
Pyrrhulina,DSCN0178-CHA.JPG
Pyrrhulina,DSCN0187-CHA.JPG
Pyrrhulina,DSCN0188-CHA.JPG
Pyrrhulina,DSCN0189-CHA.JPG
Pyrrhulina,DSCN0205-CHA.JPG
Pyrrhulina,DSCN0206-CHA.JPG
Pyrrhulina,DSCN0207-CHA.JPG
Pyrrhulina,DSCN0214-CHA.JPG
Pyrrhulina,DSCN0219-CHA.JPG
Pyrrhulina,DSCN0220-CHA.JPG
Pyrrhulina,DSCN0222-CHA.JPG
Pyrrhulina,DSCN0223-CHA.JPG
Pyrrhulina,DSCN0224-CHA.JPG
Pyrrhulina,DSCN0225-CHA.JPG
Pyrrhulina,DSCN0226-CHA.JPG
Pyrrhulina,DSCN0551-KNTSH.JPG
Pyrrhulina,DSCN0553-KNTSH.JPG
Pyrrhulina,DSC_0061-KANT.JPG
Pyrrhulina,DSC_0067-KANT.JPG
Pyrrhulina,DSC_0073-KANT.JPG
Pyrrhulina,DSC_0101-KANT.JPG
Pyrrhulina,DSC_0102-KANT.JPG
Pyrrhulina,DSC_0103-KANT.JPG
Pyrrhulina,DSC_0104-KANT.JPG
Pyrrhulina,DSC_0105-KANT.JPG
Pyrrhulina,DSC_0106-KANT.JPG
Pyrrhulina,DSC_0147-KANT.JPG
Pyrrhulina,DSC_0148-KANT.JPG
Pyrrhulina,DSC_0163-CHA.JPG
Pyrrhulina,DSC_0164-CHA.JPG
Pyrrhulina,DSC_0165-CHA.JPG
Pyrrhulina,DSC_0173-CHA.JPG
Pyrrhulina,DSC_0174-CHA.JPG
Pyrrhulina,DSC_0177-CHA.JPG
Pyrrhulina,DSC_0178-CHA.JPG
Pyrrhulina,DSC_0179-CHA.JPG
Pyrrhulina,DSC_0182-CHA.JPG
Pyrrhulina,DSC_0187-CHA.JPG
Pyrrhulina,DSC_0188-CHA.JPG
Pyrrhulina,DSC_0189-CHA.JPG
Pyrrhulina,DSC_0199-CHA.JPG
Pyrrhulina,DSC_0203-CHA.JPG
Pyrrhulina,DSC_0204-CHA.JPG
Pyrrhulina,DSC_0206-CHA.JPG
Pyrrhulina,DSC_0207-CHA.JPG
Pyrrhulina,DSC_0208-CHA.JPG
Pyrrhulina,DSC_0209-CHA.JPG
Pyrrhulina,DSC_0210-CHA.JPG
Pyrrhulina,DSC_0255-KANT.JPG
Pyrrhulina,DSC_0258-KANT.JPG
Rineloricaria,DSCN0087-HERM.JPG
Rineloricaria,DSCN0351-PM2.JPG
Rineloricaria,DSCN0437-PM3.JPG
Rineloricaria,DSCN0438-PM3.JPG
Rineloricaria,DSCN0439-PM3.JPG
Rineloricaria,DSCN0441-PM3.JPG
Rineloricaria,DSCN0442-PM3.JPG
Rineloricaria,DSCN0456-PM1.JPG
Rineloricaria,DSCN0457-PM1.JPG
Rineloricaria,DSCN0458-PM1.JPG
Rineloricaria,DSCN0526-PM1.JPG
Rineloricaria,DSC_0019-TRAMPCV1.JPG
Rineloricaria,DSC_0020-TRAMPCV1.JPG
Rineloricaria,DSC_0030-HER.JPG
Rineloricaria,DSC_0032-PM3.JPG
Rineloricaria,DSC_0033-PM3.JPG
Rineloricaria,DSC_0034-PM3.JPG
Rineloricaria,DSC_0035-PM3.JPG
Rineloricaria,DSC_0036-PM3.JPG
Rineloricaria,DSC_0119-PM1.JPG
Rineloricaria,DSC_0120-PM1.JPG
Rineloricaria,DSC_0121-PM1.JPG
Rineloricaria,DSC_0226-PM1.JPG
Rineloricaria,DSC_9276-PM2.JPG
Tatia,DSCN0118-CHA.JPG
Tatia,DSCN0119-CHA.JPG
Tatia,DSCN0120-CHA.JPG
Tatia,DSCN0121-CHA.JPG
Tatia,DSCN0122-CHA.JPG
Tatia,DSCN0123-CHA.JPG
Tatia,DSCN0271-HERM.JPG
Tatia,DSCN0272-HERM.JPG
Tatia,DSCN0273-HERM.JPG
Tatia,DSCN0274-HERM.JPG
Tatia,DSCN0277-HERM.JPG
Tatia,DSCN0278-HERM.JPG
Tatia,DSCN0286-HERM.JPG
Tatia,DSCN0287-HERM.JPG
Tatia,DSCN0290-HERM.JPG
Tatia,DSCN0291-HERM.JPG
Tatia,DSCN0327-HERM.JPG
Tatia,DSCN0328-HERM.JPG
Tatia,DSCN0354-HERM.JPG
Tatia,DSCN0355-HERM.JPG
Tatia,DSCN0356-HERM.JPG
Tatia,DSCN0357-HERM.JPG
Tatia,DSC_0074-KANT.JPG
Tatia,DSC_0075-KANT.JPG
Tatia,DSC_0101-HER.JPG
Tatia,DSC_0102-HER.JPG
Tatia,DSC_0103-HER.JPG
Tatia,DSC_0104-HER.JPG
Tatia,DSC_0107-HER.JPG
Tatia,DSC_0108-HER.JPG
Tatia,DSC_0115-HER.JPG
Tatia,DSC_0116-HER.JPG
Tatia,DSC_0119-HER.JPG
Tatia,DSC_0120-HER.JPG
Tatia,DSC_0153-HER.JPG
Tatia,DSC_0154-HER.JPG
Tatia,DSC_0177-HER.JPG
Tatia,DSC_0178-HER.JPG
Tatia,DSC_0179-HER.JPG
Tatia,DSC_0180-HER.JPG
Tetragonopterus,DSCN0552.JPG
Tetragonopterus,DSCN0553.JPG
Tetragonopterus,DSCN0554.JPG
Tetragonopterus,DSCN0555.JPG
Tetragonopterus,DSCN0556.JPG
Tetragonopterus,DSCN0557.JPG
Tetragonopterus,DSCN0558.JPG
Tetragonopterus,DSCN0559.JPG
Tetragonopterus,DSCN0560.JPG
Tetragonopterus,DSCN0561.JPG
Tetragonopterus,DSCN0562.JPG
Tetragonopterus,DSCN0563.JPG
Tetragonopterus,DSCN0564.JPG
Tetragonopterus,DSCN0565.JPG
Tetragonopterus,DSCN0566.JPG
Tetragonopterus,DSCN0567.JPG
Tetragonopterus,DSCN0568.JPG
Tetragonopterus,DSCN0569.JPG
Tetragonopterus,DSCN0570.JPG
Tetragonopterus,DSCN0571.JPG
Tetragonopterus,DSCN0572.JPG
Tetragonopterus,DSCN0573.JPG
Tetragonopterus,DSCN0574.JPG
Tetragonopterus,DSCN0575.JPG
Tetragonopterus,DSCN0576.JPG
Tetragonopterus,DSCN0577.JPG
Tetragonopterus,DSCN0578.JPG
Tetragonopterus,DSCN0579.JPG
Tetragonopterus,DSCN0580.JPG
Tetragonopterus,DSCN0581.JPG
Tetragonopterus,DSCN0582.JPG
Tyttocharax,DSCN0410-PM1.JPG
Tyttocharax,DSCN0413-PM1.JPG
Tyttocharax,DSCN0415-PM1.JPG
Tyttocharax,DSCN0416-PM1.JPG
Tyttocharax,DSCN0417-PM1.JPG
Tyttocharax,DSCN0418-PM1.JPG
Tyttocharax,DSCN0419-PM1.JPG
Tyttocharax,DSCN0420-PM1.JPG
Tyttocharax,DSCN0421-PM1.JPG
Tyttocharax,DSCN0422-PM1.JPG
Tyttocharax,DSCN0423-PM1.JPG
Tyttocharax,DSCN0424-PM1.JPG
Tyttocharax,DSCN0425-PM1.JPG
Tyttocharax,DSCN0426-PM1.JPG
Tyttocharax,DSCN0427-PM1.JPG
Tyttocharax,DSCN0428-PM1.JPG
Tyttocharax,DSCN0429-PM1.JPG
Tyttocharax,DSCN0430-PM1.JPG
Tyttocharax,DSCN0431-PM1.JPG
Tyttocharax,DSCN0432-PM1.JPG
Tyttocharax,DSCN0433-PM1.JPG
Tyttocharax,DSCN0435-PM1.JPG
Tyttocharax,DSCN0436-PM1.JPG
Tyttocharax,DSCN0437-PM1.JPG
Tyttocharax,DSCN0438-PM1.JPG
Tyttocharax,DSC_0077-PM1.JPG
Tyttocharax,DSC_0078-PM1.JPG
Tyttocharax,DSC_0079-PM1.JPG
Tyttocharax,DSC_0080-PM1.JPG
Tyttocharax,DSC_0081-PM1.JPG
Tyttocharax,DSC_0082-PM1.JPG
Tyttocharax,DSC_0083-PM1.JPG
Tyttocharax,DSC_0084-PM1.JPG
Tyttocharax,DSC_0085-PM1.JPG
Tyttocharax,DSC_0086-PM1.JPG
Tyttocharax,DSC_0087-PM1.JPG
Tyttocharax,DSC_0088-PM1.JPG
Tyttocharax,DSC_0089-PM1.JPG
Tyttocharax,DSC_0090-PM1.JPG
Tyttocharax,DSC_0091-PM1.JPG
Tyttocharax,DSC_0092-PM1.JPG
Tyttocharax,DSC_0093-PM1.JPG
Tyttocharax,DSC_0094-PM1.JPG
Tyttocharax,DSC_0095-PM1.JPG
Tyttocharax,DSC_0096-PM1.JPG
Tyttocharax,DSC_0097-PM1.JPG
Tyttocharax,DSC_0098-PM1.JPG
Tyttocharax,DSC_0099-PM1.JPG
Tyttocharax,DSC_0100-PM1.JPG
Tyttocharax,DSC_0101-PM1.JPG
